CIP2020Code,CIP2020Title,SOC2018Code,SOC2018Title
01.0207,Irrigation Management Technology/Technician.,25-1194,"Career/Technical Education Teachers, Postsecondary"
01.0207,Irrigation Management Technology/Technician.,49-3041,Farm Equipment Mechanics and Service Technicians
01.0310,Apiculture.,11-9013,"Farmers, Ranchers, and Other Agricultural Managers"
01.0310,Apiculture.,19-1011,Animal Scientists
01.0310,Apiculture.,25-9021,Farm and Home Management Educators
01.0310,Apiculture.,45-1011,"First-Line Supervisors of Farming, Fishing, and Forestry Workers"
01.0310,Apiculture.,45-2021,Animal Breeders
01.0310,Apiculture.,45-2093,"Farmworkers, Farm, Ranch, and Aquacultural Animals"
01.0509,Farrier Science.,25-1194,"Career/Technical Education Teachers, Postsecondary"
01.0509,Farrier Science.,39-2021,Animal Caretakers
01.0609,Public Horticulture.,11-9013,"Farmers, Ranchers, and Other Agricultural Managers"
01.0609,Public Horticulture.,25-9021,Farm and Home Management Educators
01.0610,Urban and Community Horticulture.,11-9013,"Farmers, Ranchers, and Other Agricultural Managers"
01.0610,Urban and Community Horticulture.,25-9021,Farm and Home Management Educators
01.1003,Brewing Science.,19-1012,Food Scientists and Technologists
01.1003,Brewing Science.,19-4013,Food Science Technicians
01.1003,Brewing Science.,51-3092,Food Batchmakers
01.1003,Brewing Science.,51-9012,"Separating, Filtering, Clarifying, Precipitating, and Still Machine Setters, Operators, and Tenders"
01.1005,Zymology/Fermentation Science.,19-1012,Food Scientists and Technologists
01.1005,Zymology/Fermentation Science.,19-4013,Food Science Technicians
01.1005,Zymology/Fermentation Science.,51-3092,Food Batchmakers
01.1005,Zymology/Fermentation Science.,51-9012,"Separating, Filtering, Clarifying, Precipitating, and Still Machine Setters, Operators, and Tenders"
01.1399,"Agriculture/Veterinary Preparatory Programs, Other.",19-4012,Agricultural Technicians
01.8201,"Veterinary Administrative Services, General.",11-9111,Medical and Health Services Managers
01.8201,"Veterinary Administrative Services, General.",43-1011,First-Line Supervisors of Office and Administrative Support Workers
01.8201,"Veterinary Administrative Services, General.",43-6013,Medical Secretaries and Administrative Assistants
01.8202,Veterinary Office Management/Administration.,11-1021,General and Operations Managers
01.8202,Veterinary Office Management/Administration.,11-3012,Administrative Services Managers
01.8202,Veterinary Office Management/Administration.,11-9111,Medical and Health Services Managers
01.8202,Veterinary Office Management/Administration.,43-1011,First-Line Supervisors of Office and Administrative Support Workers
01.8203,Veterinary Reception/Receptionist.,43-1011,First-Line Supervisors of Office and Administrative Support Workers
01.8203,Veterinary Reception/Receptionist.,43-4171,Receptionists and Information Clerks
01.8204,Veterinary Administrative/Executive Assistant and Veterinary Secretary.,43-1011,First-Line Supervisors of Office and Administrative Support Workers
01.8204,Veterinary Administrative/Executive Assistant and Veterinary Secretary.,43-6013,Medical Secretaries and Administrative Assistants
01.8299,"Veterinary Administrative Services, Other.",99-9999,NO MATCH
01.8399,"Veterinary/Animal Health Technologies/Technicians, Other.",29-2056,Veterinary Technologists and Technicians
01.8399,"Veterinary/Animal Health Technologies/Technicians, Other.",31-9096,Veterinary Assistants and Laboratory Animal Caretakers
03.0209,Energy and Environmental Policy.,13-1041,Compliance Officers
03.0209,Energy and Environmental Policy.,19-3099,"Social Scientists and Related Workers, All Other"
03.0210,Bioenergy.,99-9999,NO MATCH
04.0200,Pre-Architecture Studies.,99-9999,NO MATCH
04.0202,Architectural Design.,11-9041,Architectural and Engineering Managers
04.0202,Architectural Design.,17-1011,"Architects, Except Landscape and Naval"
04.0202,Architectural Design.,25-1031,"Architecture Teachers, Postsecondary"
04.0299,"Architecture, Other.",25-1031,"Architecture Teachers, Postsecondary"
04.0402,Healthcare Environment Design/Architecture.,11-9041,Architectural and Engineering Managers
04.0402,Healthcare Environment Design/Architecture.,25-1031,"Architecture Teachers, Postsecondary"
04.0402,Healthcare Environment Design/Architecture.,27-1025,Interior Designers
04.0403,Sustainable Design/Architecture.,19-3051,Urban and Regional Planners
04.0403,Sustainable Design/Architecture.,25-1031,"Architecture Teachers, Postsecondary"
04.0499,"Environmental Design, Other.",25-1031,"Architecture Teachers, Postsecondary"
04.0802,Architectural Conservation.,19-3093,Historians
04.0802,Architectural Conservation.,25-1031,"Architecture Teachers, Postsecondary"
04.0803,Architectural Studies.,25-1031,"Architecture Teachers, Postsecondary"
04.0899,"Architectural History, Criticism, and Conservation, Other.",25-1031,"Architecture Teachers, Postsecondary"
05.0135,Appalachian Studies.,25-1062,"Area, Ethnic, and Cultural Studies Teachers, Postsecondary"
05.0136,Arctic Studies.,25-1062,"Area, Ethnic, and Cultural Studies Teachers, Postsecondary"
05.0212,Comparative Group Studies.,25-1062,"Area, Ethnic, and Cultural Studies Teachers, Postsecondary"
05.9999,"Area, Ethnic, Cultural, Gender, and Group Studies, Other.",25-1062,"Area, Ethnic, and Cultural Studies Teachers, Postsecondary"
09.0405,Business and Economic Journalism.,25-1122,"Communications Teachers, Postsecondary"
09.0405,Business and Economic Journalism.,27-3023,"News Analysts, Reporters, and Journalists"
09.0406,Cultural Journalism.,25-1122,"Communications Teachers, Postsecondary"
09.0406,Cultural Journalism.,27-3023,"News Analysts, Reporters, and Journalists"
09.0407,Science/Health/Environmental Journalism.,25-1122,"Communications Teachers, Postsecondary"
09.0407,Science/Health/Environmental Journalism.,27-3023,"News Analysts, Reporters, and Journalists"
09.0909,Communication Management and Strategic Communications.,11-2032,Public Relations Managers
09.0909,Communication Management and Strategic Communications.,11-2033,Fundraising Managers
10.0204,Voice Writing Technology/Technician.,27-3092,Court Reporters and Simultaneous Captioners
11.0105,Human-Centered Technology Design.,15-1255,Web and Digital Interface Designers
11.0204,Computer Game Programming.,15-1251,Computer Programmers
11.0204,Computer Game Programming.,15-1252,Software Developers
11.0204,Computer Game Programming.,15-1253,Software Quality Assurance Analysts and Testers
11.0205,"Computer Programming, Specific Platforms.",15-1251,Computer Programmers
11.0205,"Computer Programming, Specific Platforms.",15-1252,Software Developers
11.0205,"Computer Programming, Specific Platforms.",15-1253,Software Quality Assurance Analysts and Testers
11.0902,Cloud Computing.,15-1221,Computer and Information Research Scientists
11.0902,Cloud Computing.,15-1231,Computer Network Support Specialists
11.0902,Cloud Computing.,15-1241,Computer Network Architects
11.0902,Cloud Computing.,15-1243,Database Architects
11.0902,Cloud Computing.,15-1251,Computer Programmers
11.0902,Cloud Computing.,15-1252,Software Developers
11.0902,Cloud Computing.,25-1021,"Computer Science Teachers, Postsecondary"
11.0999,"Computer Systems Networking and Telecommunications, Other.",99-9999,NO MATCH
12.0601,"Casino Operations and Services, General.",33-9031,Gambling Surveillance Officers and Gambling Investigators
12.0601,"Casino Operations and Services, General.",39-1013,First-Line Supervisors of Gambling Services Workers
12.0601,"Casino Operations and Services, General.",43-3041,Gambling Cage Workers
12.0602,Casino Dealing.,39-1013,First-Line Supervisors of Gambling Services Workers
12.0602,Casino Dealing.,39-3011,Gambling Dealers
12.0699,"Casino Operations and Services, Other.",99-9999,NO MATCH
13.0412,International School Administration/Leadership.,11-9031,"Education and Childcare Administrators, Preschool and Daycare"
13.0412,International School Administration/Leadership.,11-9032,"Education Administrators, Kindergarten through Secondary"
13.0412,International School Administration/Leadership.,11-9033,"Education Administrators, Postsecondary"
13.0412,International School Administration/Leadership.,11-9039,"Education Administrators, All Other"
13.0413,Education Entrepreneurship.,11-9039,"Education Administrators, All Other"
13.0414,Early Childhood Program Administration.,11-9031,"Education and Childcare Administrators, Preschool and Daycare"
13.0414,Early Childhood Program Administration.,11-9032,"Education Administrators, Kindergarten through Secondary"
13.0608,Institutional Research.,13-1111,Management Analysts
13.0608,Institutional Research.,15-2041,Statisticians
13.0608,Institutional Research.,19-3022,Survey Researchers
13.1211,Online Educator/Online Teaching.,25-1081,"Education Teachers, Postsecondary"
13.1211,Online Educator/Online Teaching.,25-1199,"Postsecondary Teachers, All Other"
13.1211,Online Educator/Online Teaching.,25-2021,"Elementary School Teachers, Except Special Education"
13.1211,Online Educator/Online Teaching.,25-2022,"Middle School Teachers, Except Special and Career/Technical Education"
13.1211,Online Educator/Online Teaching.,25-2031,"Secondary School Teachers, Except Special and Career/Technical Education"
13.1211,Online Educator/Online Teaching.,25-3021,Self-Enrichment Teachers
13.1211,Online Educator/Online Teaching.,25-3099,"Teachers and Instructors, All Other"
13.1212,International Teaching and Learning.,25-2011,"Preschool Teachers, Except Special Education"
13.1212,International Teaching and Learning.,25-2012,"Kindergarten Teachers, Except Special Education"
13.1212,International Teaching and Learning.,25-2021,"Elementary School Teachers, Except Special Education"
13.1212,International Teaching and Learning.,25-2022,"Middle School Teachers, Except Special and Career/Technical Education"
13.1212,International Teaching and Learning.,25-2031,"Secondary School Teachers, Except Special and Career/Technical Education"
13.1213,"Science, Technology, Engineering, and Mathematics (STEM) Educational Methods.",25-1081,"Education Teachers, Postsecondary"
13.1213,"Science, Technology, Engineering, and Mathematics (STEM) Educational Methods.",25-2021,"Elementary School Teachers, Except Special Education"
13.1213,"Science, Technology, Engineering, and Mathematics (STEM) Educational Methods.",25-2022,"Middle School Teachers, Except Special and Career/Technical Education"
13.1213,"Science, Technology, Engineering, and Mathematics (STEM) Educational Methods.",25-2031,"Secondary School Teachers, Except Special and Career/Technical Education"
13.1214,College/Postsecondary/University Teaching.,25-1081,"Education Teachers, Postsecondary"
13.1339,Communication Arts and Literature Teacher Education.,25-1081,"Education Teachers, Postsecondary"
13.1339,Communication Arts and Literature Teacher Education.,25-2021,"Elementary School Teachers, Except Special Education"
13.1339,Communication Arts and Literature Teacher Education.,25-2022,"Middle School Teachers, Except Special and Career/Technical Education"
13.1339,Communication Arts and Literature Teacher Education.,25-2031,"Secondary School Teachers, Except Special and Career/Technical Education"
14.0103,Applied Engineering.,17-2199,"Engineers, All Other"
14.0202,Astronautical Engineering.,11-9041,Architectural and Engineering Managers
14.0202,Astronautical Engineering.,17-2011,Aerospace Engineers
14.0202,Astronautical Engineering.,17-3021,Aerospace Engineering and Operations Technologists and Technicians
14.0202,Astronautical Engineering.,25-1032,"Engineering Teachers, Postsecondary"
14.0299,"Aerospace, Aeronautical, and Astronautical/Space Engineering, Other.",11-9041,Architectural and Engineering Managers
14.0299,"Aerospace, Aeronautical, and Astronautical/Space Engineering, Other.",17-2011,Aerospace Engineers
14.0299,"Aerospace, Aeronautical, and Astronautical/Space Engineering, Other.",25-1032,"Engineering Teachers, Postsecondary"
14.0299,"Aerospace, Aeronautical, and Astronautical/Space Engineering, Other.",49-2091,Avionics Technicians
14.4701,Electrical and Computer Engineering.,11-9041,Architectural and Engineering Managers
14.4701,Electrical and Computer Engineering.,17-2061,Computer Hardware Engineers
14.4701,Electrical and Computer Engineering.,17-2071,Electrical Engineers
14.4701,Electrical and Computer Engineering.,17-2199,"Engineers, All Other"
14.4701,Electrical and Computer Engineering.,25-1032,"Engineering Teachers, Postsecondary"
14.4801,"Energy Systems Engineering, General.",11-9041,Architectural and Engineering Managers
14.4801,"Energy Systems Engineering, General.",17-2199,"Engineers, All Other"
14.4801,"Energy Systems Engineering, General.",25-1032,"Engineering Teachers, Postsecondary"
14.4802,Power Plant Engineering.,11-9041,Architectural and Engineering Managers
14.4802,Power Plant Engineering.,17-2199,"Engineers, All Other"
14.4802,Power Plant Engineering.,25-1032,"Engineering Teachers, Postsecondary"
14.4899,"Energy Systems Engineering, Other.",11-9041,Architectural and Engineering Managers
14.4899,"Energy Systems Engineering, Other.",17-2199,"Engineers, All Other"
14.4899,"Energy Systems Engineering, Other.",25-1032,"Engineering Teachers, Postsecondary"
15.0001,Applied Engineering Technologies/Technicians.,17-3024,Electro-Mechanical and Mechatronics Technologists and Technicians
15.0001,Applied Engineering Technologies/Technicians.,17-3026,Industrial Engineering Technologists and Technicians
15.0001,Applied Engineering Technologies/Technicians.,17-3029,"Engineering Technologists and Technicians, Except Drafters, All Other"
15.0307,Audio Engineering Technology/Technician.,17-3029,"Engineering Technologists and Technicians, Except Drafters, All Other"
15.0307,Audio Engineering Technology/Technician.,27-2091,"Disc Jockeys, Except Radio"
15.0307,Audio Engineering Technology/Technician.,27-4014,Sound Engineering Technicians
15.0407,"Mechatronics, Robotics, and Automation Engineering Technology/Technician.",17-3024,Electro-Mechanical and Mechatronics Technologists and Technicians
15.0617,Composite Materials Technology/Technician.,17-3029,"Engineering Technologists and Technicians, Except Drafters, All Other"
15.0705,Process Safety Technology/Technician.,17-3026,Industrial Engineering Technologists and Technicians
15.0705,Process Safety Technology/Technician.,19-5012,Occupational Health and Safety Technicians
15.0806,Marine Engineering Technology/Technician.,17-3029,"Engineering Technologists and Technicians, Except Drafters, All Other"
15.0806,Marine Engineering Technology/Technician.,49-3051,Motorboat Mechanics and Service Technicians
15.0807,Motorsports Engineering Technology/Technician.,17-3029,"Engineering Technologists and Technicians, Except Drafters, All Other"
15.0807,Motorsports Engineering Technology/Technician.,49-3023,Automotive Service Technicians and Mechanics
15.1307,3-D Modeling and Design Technology/Technician.,17-3011,Architectural and Civil Drafters
15.1307,3-D Modeling and Design Technology/Technician.,17-3012,Electrical and Electronics Drafters
15.1307,3-D Modeling and Design Technology/Technician.,17-3013,Mechanical Drafters
15.1307,3-D Modeling and Design Technology/Technician.,17-3019,"Drafters, All Other"
15.1702,Power Plant Technology/Technician.,17-3029,"Engineering Technologists and Technicians, Except Drafters, All Other"
15.1702,Power Plant Technology/Technician.,49-2095,"Electrical and Electronics Repairers, Powerhouse, Substation, and Relay"
15.1702,Power Plant Technology/Technician.,51-8013,Power Plant Operators
15.1704,Wind Energy Technology/Technician.,17-3029,"Engineering Technologists and Technicians, Except Drafters, All Other"
15.1704,Wind Energy Technology/Technician.,49-9081,Wind Turbine Service Technicians
15.1705,Hydroelectric Energy Technology/Technician.,17-3029,"Engineering Technologists and Technicians, Except Drafters, All Other"
15.1705,Hydroelectric Energy Technology/Technician.,51-8013,Power Plant Operators
15.1706,Geothermal Energy Technology/Technician.,17-3029,"Engineering Technologists and Technicians, Except Drafters, All Other"
15.1799,"Energy Systems Technologies/Technicians, Other.",17-3029,"Engineering Technologists and Technicians, Except Drafters, All Other"
16.1409,Hawaiian Language and Literature.,25-1124,"Foreign Language and Literature Teachers, Postsecondary"
16.1409,Hawaiian Language and Literature.,25-2031,"Secondary School Teachers, Except Special and Career/Technical Education"
16.1409,Hawaiian Language and Literature.,27-3091,Interpreters and Translators
16.1701,English as a Second Language.,99-9999,NO MATCH
16.1801,Armenian Language and Literature.,25-1124,"Foreign Language and Literature Teachers, Postsecondary"
16.1801,Armenian Language and Literature.,27-3091,Interpreters and Translators
19.0711,Early Childhood and Family Studies.,19-3039,"Psychologists, All Other"
19.0711,Early Childhood and Family Studies.,21-1099,"Community and Social Service Specialists, All Other"
19.0711,Early Childhood and Family Studies.,25-9021,Farm and Home Management Educators
19.0711,Early Childhood and Family Studies.,39-9011,Childcare Workers
19.0712,Parent Education Services.,21-1099,"Community and Social Service Specialists, All Other"
19.0712,Parent Education Services.,25-9021,Farm and Home Management Educators
22.0099,"Non-Professional Legal Studies, Other.",99-9999,NO MATCH
22.0213,Patent Law.,23-1011,Lawyers
22.0213,Patent Law.,25-1112,"Law Teachers, Postsecondary"
22.0214,Agriculture Law.,23-1011,Lawyers
22.0214,Agriculture Law.,25-1112,"Law Teachers, Postsecondary"
22.0215,Arts and Entertainment Law.,23-1011,Lawyers
22.0215,Arts and Entertainment Law.,25-1112,"Law Teachers, Postsecondary"
22.0216,Compliance Law.,23-1011,Lawyers
22.0216,Compliance Law.,25-1112,"Law Teachers, Postsecondary"
22.0217,Criminal Law and Procedure.,23-1011,Lawyers
22.0217,Criminal Law and Procedure.,25-1112,"Law Teachers, Postsecondary"
22.0218,Entrepreneurship Law.,23-1011,Lawyers
22.0218,Entrepreneurship Law.,25-1112,"Law Teachers, Postsecondary"
22.0219,Family/Child/Elder Law.,23-1011,Lawyers
22.0219,Family/Child/Elder Law.,25-1112,"Law Teachers, Postsecondary"
22.0220,Human Resources Law.,23-1011,Lawyers
22.0220,Human Resources Law.,25-1112,"Law Teachers, Postsecondary"
22.0221,Insurance Law.,23-1011,Lawyers
22.0221,Insurance Law.,25-1112,"Law Teachers, Postsecondary"
22.0222,Real Estate and Land Development Law.,23-1011,Lawyers
22.0222,Real Estate and Land Development Law.,25-1112,"Law Teachers, Postsecondary"
22.0223,Transportation Law.,23-1011,Lawyers
22.0223,Transportation Law.,25-1112,"Law Teachers, Postsecondary"
22.0224,Tribal/Indigenous Law.,23-1011,Lawyers
22.0224,Tribal/Indigenous Law.,25-1112,"Law Teachers, Postsecondary"
22.0304,Court Interpreter.,23-2099,"Legal Support Workers, All Other"
22.0304,Court Interpreter.,27-3091,Interpreters and Translators
22.0304,Court Interpreter.,27-3092,Court Reporters and Simultaneous Captioners
22.0305,Scopist.,27-3092,Court Reporters and Simultaneous Captioners
26.0509,Infectious Disease and Global Health.,11-9111,Medical and Health Services Managers
26.0509,Infectious Disease and Global Health.,19-1029,"Biological Scientists, All Other"
26.0509,Infectious Disease and Global Health.,19-1041,Epidemiologists
26.0509,Infectious Disease and Global Health.,19-1042,"Medical Scientists, Except Epidemiologists"
26.0913,Biomechanics.,19-1021,Biochemists and Biophysicists
26.0913,Biomechanics.,19-1042,"Medical Scientists, Except Epidemiologists"
26.0913,Biomechanics.,25-1042,"Biological Science Teachers, Postsecondary"
26.0913,Biomechanics.,25-1071,"Health Specialties Teachers, Postsecondary"
26.1311,Epidemiology and Biostatistics.,11-9121,Natural Sciences Managers
26.1311,Epidemiology and Biostatistics.,15-2041,Statisticians
26.1311,Epidemiology and Biostatistics.,19-1029,"Biological Scientists, All Other"
26.1311,Epidemiology and Biostatistics.,19-1041,Epidemiologists
26.1311,Epidemiology and Biostatistics.,25-1071,"Health Specialties Teachers, Postsecondary"
27.0601,"Applied Statistics, General.",11-9121,Natural Sciences Managers
27.0601,"Applied Statistics, General.",13-1111,Management Analysts
27.0601,"Applied Statistics, General.",15-2011,Actuaries
27.0601,"Applied Statistics, General.",15-2041,Statisticians
27.0601,"Applied Statistics, General.",15-2051,Data Scientists
27.0601,"Applied Statistics, General.",19-3022,Survey Researchers
27.0601,"Applied Statistics, General.",25-1022,"Mathematical Science Teachers, Postsecondary"
29.0601,Military Technology and Applied Sciences Management.,99-9999,NO MATCH
30.0001,Comprehensive Transition and Postsecondary (CTP) Program.,99-9999,NO MATCH
30.2299,"Classical and Ancient Studies, Other.",19-3091,Anthropologists and Archeologists
30.2299,"Classical and Ancient Studies, Other.",19-3093,Historians
30.2299,"Classical and Ancient Studies, Other.",25-1061,"Anthropology and Archeology Teachers, Postsecondary"
30.2299,"Classical and Ancient Studies, Other.",25-1062,"Area, Ethnic, and Cultural Studies Teachers, Postsecondary"
30.2299,"Classical and Ancient Studies, Other.",25-1125,"History Teachers, Postsecondary"
30.2502,Contemplative Studies/Inquiry.,21-1099,"Community and Social Service Specialists, All Other"
30.2502,Contemplative Studies/Inquiry.,21-2021,"Directors, Religious Activities and Education"
30.2502,Contemplative Studies/Inquiry.,21-2099,"Religious Workers, All Other"
30.2502,Contemplative Studies/Inquiry.,25-1199,"Postsecondary Teachers, All Other"
30.2502,Contemplative Studies/Inquiry.,25-3021,Self-Enrichment Teachers
30.2599,"Cognitive Science, Other.",11-9121,Natural Sciences Managers
30.2599,"Cognitive Science, Other.",25-1199,"Postsecondary Teachers, All Other"
30.3401,Anthrozoology.,11-9013,"Farmers, Ranchers, and Other Agricultural Managers"
30.3401,Anthrozoology.,11-9121,Natural Sciences Managers
30.3401,Anthrozoology.,19-1011,Animal Scientists
30.3401,Anthrozoology.,19-3099,"Social Scientists and Related Workers, All Other"
30.3401,Anthrozoology.,25-1199,"Postsecondary Teachers, All Other"
30.3401,Anthrozoology.,39-2011,Animal Trainers
30.3401,Anthrozoology.,39-2021,Animal Caretakers
30.3501,Climate Science.,11-9121,Natural Sciences Managers
30.3501,Climate Science.,19-2021,Atmospheric and Space Scientists
30.3501,Climate Science.,19-3092,Geographers
30.3501,Climate Science.,25-1051,"Atmospheric, Earth, Marine, and Space Sciences Teachers, Postsecondary"
30.3601,Cultural Studies and Comparative Literature.,25-1062,"Area, Ethnic, and Cultural Studies Teachers, Postsecondary"
30.3601,Cultural Studies and Comparative Literature.,25-1123,"English Language and Literature Teachers, Postsecondary"
30.3601,Cultural Studies and Comparative Literature.,25-2031,"Secondary School Teachers, Except Special and Career/Technical Education"
30.3701,Design for Human Health.,19-3051,Urban and Regional Planners
30.3701,Design for Human Health.,25-1031,"Architecture Teachers, Postsecondary"
30.3701,Design for Human Health.,27-1025,Interior Designers
30.3801,Earth Systems Science.,11-9121,Natural Sciences Managers
30.3801,Earth Systems Science.,19-2042,"Geoscientists, Except Hydrologists and Geographers"
30.3801,Earth Systems Science.,19-2043,Hydrologists
30.3801,Earth Systems Science.,19-3092,Geographers
30.3801,Earth Systems Science.,25-1051,"Atmospheric, Earth, Marine, and Space Sciences Teachers, Postsecondary"
30.3801,Earth Systems Science.,25-2031,"Secondary School Teachers, Except Special and Career/Technical Education"
30.3901,Economics and Computer Science.,11-3021,Computer and Information Systems Managers
30.3901,Economics and Computer Science.,11-9199,"Managers, All Other"
30.3901,Economics and Computer Science.,15-1252,Software Developers
30.3901,Economics and Computer Science.,15-2051,Data Scientists
30.3901,Economics and Computer Science.,19-3011,Economists
30.3901,Economics and Computer Science.,25-1021,"Computer Science Teachers, Postsecondary"
30.3901,Economics and Computer Science.,25-1063,"Economics Teachers, Postsecondary"
30.4001,Economics and Foreign Language/Literature.,11-9199,"Managers, All Other"
30.4001,Economics and Foreign Language/Literature.,19-3011,Economists
30.4001,Economics and Foreign Language/Literature.,19-3099,"Social Scientists and Related Workers, All Other"
30.4001,Economics and Foreign Language/Literature.,25-1062,"Area, Ethnic, and Cultural Studies Teachers, Postsecondary"
30.4001,Economics and Foreign Language/Literature.,25-1063,"Economics Teachers, Postsecondary"
30.4001,Economics and Foreign Language/Literature.,25-1124,"Foreign Language and Literature Teachers, Postsecondary"
30.4001,Economics and Foreign Language/Literature.,27-3091,Interpreters and Translators
30.4101,Environmental Geosciences.,11-9121,Natural Sciences Managers
30.4101,Environmental Geosciences.,13-1041,Compliance Officers
30.4101,Environmental Geosciences.,19-2041,"Environmental Scientists and Specialists, Including Health"
30.4101,Environmental Geosciences.,19-2042,"Geoscientists, Except Hydrologists and Geographers"
30.4101,Environmental Geosciences.,19-2043,Hydrologists
30.4101,Environmental Geosciences.,19-3092,Geographers
30.4101,Environmental Geosciences.,19-4042,"Environmental Science and Protection Technicians, Including Health"
30.4101,Environmental Geosciences.,25-1051,"Atmospheric, Earth, Marine, and Space Sciences Teachers, Postsecondary"
30.4101,Environmental Geosciences.,25-1053,"Environmental Science Teachers, Postsecondary"
30.4101,Environmental Geosciences.,25-2031,"Secondary School Teachers, Except Special and Career/Technical Education"
30.4201,Geoarcheaology.,11-9199,"Managers, All Other"
30.4201,Geoarcheaology.,19-2042,"Geoscientists, Except Hydrologists and Geographers"
30.4201,Geoarcheaology.,19-3091,Anthropologists and Archeologists
30.4201,Geoarcheaology.,19-3099,"Social Scientists and Related Workers, All Other"
30.4201,Geoarcheaology.,25-1061,"Anthropology and Archeology Teachers, Postsecondary"
30.4201,Geoarcheaology.,25-1069,"Social Sciences Teachers, Postsecondary, All Other"
30.4301,Geobiology.,11-9121,Natural Sciences Managers
30.4301,Geobiology.,19-1099,"Life Scientists, All Other"
30.4301,Geobiology.,19-2042,"Geoscientists, Except Hydrologists and Geographers"
30.4301,Geobiology.,25-1042,"Biological Science Teachers, Postsecondary"
30.4301,Geobiology.,25-1053,"Environmental Science Teachers, Postsecondary"
30.4401,Geography and Environmental Studies.,11-9121,Natural Sciences Managers
30.4401,Geography and Environmental Studies.,19-1031,Conservation Scientists
30.4401,Geography and Environmental Studies.,19-2041,"Environmental Scientists and Specialists, Including Health"
30.4401,Geography and Environmental Studies.,19-3092,Geographers
30.4401,Geography and Environmental Studies.,19-3099,"Social Scientists and Related Workers, All Other"
30.4401,Geography and Environmental Studies.,19-4042,"Environmental Science and Protection Technicians, Including Health"
30.4401,Geography and Environmental Studies.,25-1053,"Environmental Science Teachers, Postsecondary"
30.4401,Geography and Environmental Studies.,25-1064,"Geography Teachers, Postsecondary"
30.4501,History and Language/Literature.,11-9199,"Managers, All Other"
30.4501,History and Language/Literature.,19-3093,Historians
30.4501,History and Language/Literature.,25-1062,"Area, Ethnic, and Cultural Studies Teachers, Postsecondary"
30.4501,History and Language/Literature.,25-1124,"Foreign Language and Literature Teachers, Postsecondary"
30.4501,History and Language/Literature.,25-1125,"History Teachers, Postsecondary"
30.4501,History and Language/Literature.,25-2031,"Secondary School Teachers, Except Special and Career/Technical Education"
30.4501,History and Language/Literature.,27-3091,Interpreters and Translators
30.4601,History and Political Science.,11-9199,"Managers, All Other"
30.4601,History and Political Science.,19-3093,Historians
30.4601,History and Political Science.,19-3094,Political Scientists
30.4601,History and Political Science.,19-3099,"Social Scientists and Related Workers, All Other"
30.4601,History and Political Science.,19-4061,Social Science Research Assistants
30.4601,History and Political Science.,25-1065,"Political Science Teachers, Postsecondary"
30.4601,History and Political Science.,25-1125,"History Teachers, Postsecondary"
30.4701,Linguistics and Anthropology.,11-9199,"Managers, All Other"
30.4701,Linguistics and Anthropology.,19-3091,Anthropologists and Archeologists
30.4701,Linguistics and Anthropology.,19-3099,"Social Scientists and Related Workers, All Other"
30.4701,Linguistics and Anthropology.,25-1061,"Anthropology and Archeology Teachers, Postsecondary"
30.4701,Linguistics and Anthropology.,25-1123,"English Language and Literature Teachers, Postsecondary"
30.4701,Linguistics and Anthropology.,25-1124,"Foreign Language and Literature Teachers, Postsecondary"
30.4801,Linguistics and Computer Science.,15-1252,Software Developers
30.4801,Linguistics and Computer Science.,15-2051,Data Scientists
30.4801,Linguistics and Computer Science.,25-1021,"Computer Science Teachers, Postsecondary"
30.4801,Linguistics and Computer Science.,25-1123,"English Language and Literature Teachers, Postsecondary"
30.4901,Mathematical Economics.,11-9121,Natural Sciences Managers
30.4901,Mathematical Economics.,15-2021,Mathematicians
30.4901,Mathematical Economics.,15-2041,Statisticians
30.4901,Mathematical Economics.,15-2099,"Mathematical Science Occupations, All Other"
30.4901,Mathematical Economics.,19-3011,Economists
30.4901,Mathematical Economics.,25-1063,"Economics Teachers, Postsecondary"
30.5001,Mathematics and Atmospheric/Oceanic Science.,11-9121,Natural Sciences Managers
30.5001,Mathematics and Atmospheric/Oceanic Science.,15-2021,Mathematicians
30.5001,Mathematics and Atmospheric/Oceanic Science.,15-2099,"Mathematical Science Occupations, All Other"
30.5001,Mathematics and Atmospheric/Oceanic Science.,19-2021,Atmospheric and Space Scientists
30.5001,Mathematics and Atmospheric/Oceanic Science.,25-1022,"Mathematical Science Teachers, Postsecondary"
30.5001,Mathematics and Atmospheric/Oceanic Science.,25-1051,"Atmospheric, Earth, Marine, and Space Sciences Teachers, Postsecondary"
30.5101,"Philosophy, Politics, and Economics.",11-9199,"Managers, All Other"
30.5101,"Philosophy, Politics, and Economics.",19-3011,Economists
30.5101,"Philosophy, Politics, and Economics.",19-3094,Political Scientists
30.5101,"Philosophy, Politics, and Economics.",19-3099,"Social Scientists and Related Workers, All Other"
30.5101,"Philosophy, Politics, and Economics.",25-1063,"Economics Teachers, Postsecondary"
30.5101,"Philosophy, Politics, and Economics.",25-1065,"Political Science Teachers, Postsecondary"
30.5101,"Philosophy, Politics, and Economics.",25-1126,"Philosophy and Religion Teachers, Postsecondary"
30.5201,"Digital Humanities and Textual Studies, General.",11-9199,"Managers, All Other"
30.5201,"Digital Humanities and Textual Studies, General.",25-1123,"English Language and Literature Teachers, Postsecondary"
30.5201,"Digital Humanities and Textual Studies, General.",25-1199,"Postsecondary Teachers, All Other"
30.5201,"Digital Humanities and Textual Studies, General.",25-4011,Archivists
30.5201,"Digital Humanities and Textual Studies, General.",25-4012,Curators
30.5202,Digital Humanities.,11-9199,"Managers, All Other"
30.5202,Digital Humanities.,25-1062,"Area, Ethnic, and Cultural Studies Teachers, Postsecondary"
30.5202,Digital Humanities.,25-1123,"English Language and Literature Teachers, Postsecondary"
30.5202,Digital Humanities.,25-1199,"Postsecondary Teachers, All Other"
30.5202,Digital Humanities.,25-4011,Archivists
30.5202,Digital Humanities.,25-4012,Curators
30.5203,Textual Studies.,11-9199,"Managers, All Other"
30.5203,Textual Studies.,25-1062,"Area, Ethnic, and Cultural Studies Teachers, Postsecondary"
30.5203,Textual Studies.,25-1123,"English Language and Literature Teachers, Postsecondary"
30.5203,Textual Studies.,25-1199,"Postsecondary Teachers, All Other"
30.5203,Textual Studies.,25-4011,Archivists
30.5203,Textual Studies.,25-4012,Curators
30.5299,"Digital Humanities and Textual Studies, Other.",99-9999,NO MATCH
30.5301,Thanatology.,11-9151,Social and Community Service Managers
30.5301,Thanatology.,21-1019,"Counselors, All Other"
30.5301,Thanatology.,21-1022,Healthcare Social Workers
30.5301,Thanatology.,21-2021,"Directors, Religious Activities and Education"
30.5301,Thanatology.,21-2099,"Religious Workers, All Other"
30.5301,Thanatology.,25-1066,"Psychology Teachers, Postsecondary"
30.5301,Thanatology.,25-1199,"Postsecondary Teachers, All Other"
30.5301,Thanatology.,39-4031,"Morticians, Undertakers, and Funeral Arrangers"
30.7001,"Data Science, General.",11-3021,Computer and Information Systems Managers
30.7001,"Data Science, General.",11-9121,Natural Sciences Managers
30.7001,"Data Science, General.",15-1221,Computer and Information Research Scientists
30.7001,"Data Science, General.",15-1243,Database Architects
30.7001,"Data Science, General.",15-1252,Software Developers
30.7001,"Data Science, General.",15-2041,Statisticians
30.7001,"Data Science, General.",15-2051,Data Scientists
30.7001,"Data Science, General.",25-1199,"Postsecondary Teachers, All Other"
30.7099,"Data Science, Other.",11-9121,Natural Sciences Managers
30.7099,"Data Science, Other.",15-1221,Computer and Information Research Scientists
30.7099,"Data Science, Other.",15-1243,Database Architects
30.7099,"Data Science, Other.",15-2041,Statisticians
30.7099,"Data Science, Other.",15-2051,Data Scientists
30.7099,"Data Science, Other.",25-1199,"Postsecondary Teachers, All Other"
30.7101,"Data Analytics, General.",13-1111,Management Analysts
30.7101,"Data Analytics, General.",15-1251,Computer Programmers
30.7101,"Data Analytics, General.",15-2041,Statisticians
30.7101,"Data Analytics, General.",15-2051,Data Scientists
30.7101,"Data Analytics, General.",25-1199,"Postsecondary Teachers, All Other"
30.7102,Business Analytics.,13-1111,Management Analysts
30.7102,Business Analytics.,13-1161,Market Research Analysts and Marketing Specialists
30.7102,Business Analytics.,15-2041,Statisticians
30.7102,Business Analytics.,15-2051,Data Scientists
30.7103,Data Visualization.,13-1111,Management Analysts
30.7103,Data Visualization.,15-1251,Computer Programmers
30.7103,Data Visualization.,15-2051,Data Scientists
30.7103,Data Visualization.,25-1199,"Postsecondary Teachers, All Other"
30.7104,Financial Analytics.,11-3031,Financial Managers
30.7104,Financial Analytics.,13-1111,Management Analysts
30.7104,Financial Analytics.,13-2051,Financial and Investment Analysts
30.7104,Financial Analytics.,15-2051,Data Scientists
30.7104,Financial Analytics.,25-1011,"Business Teachers, Postsecondary"
30.7199,"Data Analytics, Other.",13-1111,Management Analysts
30.7199,"Data Analytics, Other.",15-1251,Computer Programmers
30.7199,"Data Analytics, Other.",15-2041,Statisticians
30.7199,"Data Analytics, Other.",15-2051,Data Scientists
30.7199,"Data Analytics, Other.",25-1199,"Postsecondary Teachers, All Other"
32.0112,Accent Reduction/Modification.,99-9999,NO MATCH
32.0201,"Exam Preparation and Test-Taking Skills, General.",99-9999,NO MATCH
32.0202,High School Equivalent Exam Preparation.,99-9999,NO MATCH
32.0203,Undergraduate Entrance/Placement Examination Preparation.,99-9999,NO MATCH
32.0204,Graduate/Professional School Entrance Examination Preparation.,99-9999,NO MATCH
32.0205,Professional Certification/Licensure Examination Preparation.,99-9999,NO MATCH
32.0299,"General Exam Preparation and Test-Taking Skills, Other.",99-9999,NO MATCH
33.0106,Personal Emergency Preparedness.,99-9999,NO MATCH
34.0105,Meditation/Mind-Body Wellness.,99-9999,NO MATCH
35.0105,Life Coaching.,99-9999,NO MATCH
36.0120,Beekeeping.,99-9999,NO MATCH
36.0121,Firearms Training/Safety.,99-9999,NO MATCH
36.0122,Floral Design/Arrangement.,99-9999,NO MATCH
36.0123,Master Gardener/Gardening.,99-9999,NO MATCH
36.0203,Automobile Driver Education.,99-9999,NO MATCH
36.0204,Helicopter Pilot (Private).,99-9999,NO MATCH
36.0205,Motorcycle Rider Education.,99-9999,NO MATCH
36.0206,Personal Watercraft/Boating Education.,99-9999,NO MATCH
36.0207,Remote Aircraft Pilot.,99-9999,NO MATCH
36.0299,"Noncommercial Vehicle Operation, Other.",99-9999,NO MATCH
37.0106,Investing/Wealth Management/Retirement Planning.,99-9999,NO MATCH
37.0107,Self-Defense.,99-9999,NO MATCH
38.0208,Catholic Studies.,25-1062,"Area, Ethnic, and Cultural Studies Teachers, Postsecondary"
38.0209,Mormon Studies.,25-1062,"Area, Ethnic, and Cultural Studies Teachers, Postsecondary"
39.0302,Church Planting.,21-2099,"Religious Workers, All Other"
39.0399,"Missions/Missionary Studies and Missiology, Other.",21-2099,"Religious Workers, All Other"
39.0502,Worship Ministry.,21-2021,"Directors, Religious Activities and Education"
39.0502,Worship Ministry.,25-1126,"Philosophy and Religion Teachers, Postsecondary"
39.0502,Worship Ministry.,27-2041,Music Directors and Composers
39.0599,"Religious Music and Worship, Other.",21-2021,"Directors, Religious Activities and Education"
39.0599,"Religious Music and Worship, Other.",21-2099,"Religious Workers, All Other"
39.0706,Chaplain/Chaplaincy Studies.,21-2011,Clergy
39.0706,Chaplain/Chaplaincy Studies.,21-2021,"Directors, Religious Activities and Education"
39.0706,Chaplain/Chaplaincy Studies.,21-2099,"Religious Workers, All Other"
39.0706,Chaplain/Chaplaincy Studies.,25-1126,"Philosophy and Religion Teachers, Postsecondary"
39.0801,Religious Institution Administration and Management.,11-9199,"Managers, All Other"
39.0801,Religious Institution Administration and Management.,13-2099,"Financial Specialists, All Other"
39.0802,Religious/Canon Law.,21-2099,"Religious Workers, All Other"
39.0802,Religious/Canon Law.,25-1112,"Law Teachers, Postsecondary"
39.0802,Religious/Canon Law.,25-1126,"Philosophy and Religion Teachers, Postsecondary"
39.0899,"Religious Institution Administration and Law, Other.",99-9999,NO MATCH
40.0512,Cheminformatics/Chemistry Informatics.,11-9121,Natural Sciences Managers
40.0512,Cheminformatics/Chemistry Informatics.,15-1221,Computer and Information Research Scientists
40.0512,Cheminformatics/Chemistry Informatics.,15-1299,"Computer Occupations, All Other"
40.0512,Cheminformatics/Chemistry Informatics.,15-2051,Data Scientists
40.0512,Cheminformatics/Chemistry Informatics.,19-2031,Chemists
40.0512,Cheminformatics/Chemistry Informatics.,25-1052,"Chemistry Teachers, Postsecondary"
40.1101,Physics and Astronomy.,11-9121,Natural Sciences Managers
40.1101,Physics and Astronomy.,19-2011,Astronomers
40.1101,Physics and Astronomy.,19-2012,Physicists
40.1101,Physics and Astronomy.,25-1051,"Atmospheric, Earth, Marine, and Space Sciences Teachers, Postsecondary"
40.1101,Physics and Astronomy.,25-1054,"Physics Teachers, Postsecondary"
42.2710,Developmental and Adolescent Psychology.,11-9199,"Managers, All Other"
42.2710,Developmental and Adolescent Psychology.,21-1021,"Child, Family, and School Social Workers"
42.2710,Developmental and Adolescent Psychology.,25-1066,"Psychology Teachers, Postsecondary"
42.2815,Performance and Sport Psychology.,19-3039,"Psychologists, All Other"
42.2815,Performance and Sport Psychology.,25-1066,"Psychology Teachers, Postsecondary"
42.2815,Performance and Sport Psychology.,27-2022,Coaches and Scouts
42.2816,Somatic Psychology.,19-3039,"Psychologists, All Other"
42.2816,Somatic Psychology.,25-1066,"Psychology Teachers, Postsecondary"
42.2817,Transpersonal/Spiritual Psychology.,19-3039,"Psychologists, All Other"
42.2817,Transpersonal/Spiritual Psychology.,25-1066,"Psychology Teachers, Postsecondary"
43.0100,"Criminal Justice and Corrections, General.",11-9199,"Managers, All Other"
43.0100,"Criminal Justice and Corrections, General.",19-4092,Forensic Science Technicians
43.0100,"Criminal Justice and Corrections, General.",19-4099,"Life, Physical, and Social Science Technicians, All Other"
43.0100,"Criminal Justice and Corrections, General.",25-1111,"Criminal Justice and Law Enforcement Teachers, Postsecondary"
43.0100,"Criminal Justice and Corrections, General.",33-1011,First-Line Supervisors of Correctional Officers
43.0100,"Criminal Justice and Corrections, General.",33-1012,First-Line Supervisors of Police and Detectives
43.0100,"Criminal Justice and Corrections, General.",33-3012,Correctional Officers and Jailers
43.0100,"Criminal Justice and Corrections, General.",33-3021,Detectives and Criminal Investigators
43.0100,"Criminal Justice and Corrections, General.",33-3051,Police and Sheriff’s Patrol Officers
43.0401,"Security Science and Technology, General.",25-1111,"Criminal Justice and Law Enforcement Teachers, Postsecondary"
43.0401,"Security Science and Technology, General.",33-1012,First-Line Supervisors of Police and Detectives
43.0401,"Security Science and Technology, General.",33-1091,First-Line Supervisors of Security Workers
43.0401,"Security Science and Technology, General.",33-1099,"First-Line Supervisors of Protective Service Workers, All Other"
43.0404,Cybersecurity Defense Strategy/Policy.,11-9199,"Managers, All Other"
43.0404,Cybersecurity Defense Strategy/Policy.,25-1111,"Criminal Justice and Law Enforcement Teachers, Postsecondary"
43.0404,Cybersecurity Defense Strategy/Policy.,33-1012,First-Line Supervisors of Police and Detectives
43.0404,Cybersecurity Defense Strategy/Policy.,33-1099,"First-Line Supervisors of Protective Service Workers, All Other"
43.0404,Cybersecurity Defense Strategy/Policy.,55-1017,Special Forces Officers
43.0404,Cybersecurity Defense Strategy/Policy.,55-3018,Special Forces
43.0407,Geospatial Intelligence.,17-1021,Cartographers and Photogrammetrists
43.0407,Geospatial Intelligence.,19-3092,Geographers
43.0407,Geospatial Intelligence.,25-1064,"Geography Teachers, Postsecondary"
43.0407,Geospatial Intelligence.,25-1111,"Criminal Justice and Law Enforcement Teachers, Postsecondary"
43.0407,Geospatial Intelligence.,33-1012,First-Line Supervisors of Police and Detectives
43.0407,Geospatial Intelligence.,33-3021,Detectives and Criminal Investigators
43.0407,Geospatial Intelligence.,55-1017,Special Forces Officers
43.0407,Geospatial Intelligence.,55-3018,Special Forces
43.0499,"Security Science and Technology, Other.",25-1111,"Criminal Justice and Law Enforcement Teachers, Postsecondary"
43.0499,"Security Science and Technology, Other.",33-1012,First-Line Supervisors of Police and Detectives
43.0499,"Security Science and Technology, Other.",33-1091,First-Line Supervisors of Security Workers
44.0402,Public Works Management.,11-9021,Construction Managers
44.0402,Public Works Management.,11-9199,"Managers, All Other"
44.0403,Transportation and Infrastructure Planning/Studies.,11-3071,"Transportation, Storage, and Distribution Managers"
44.0403,Transportation and Infrastructure Planning/Studies.,19-3051,Urban and Regional Planners
44.0403,Transportation and Infrastructure Planning/Studies.,53-6041,Traffic Technicians
44.0499,"Public Administration, Other.",11-9199,"Managers, All Other"
44.0703,Forensic Social Work.,11-9151,Social and Community Service Managers
44.0703,Forensic Social Work.,21-1021,"Child, Family, and School Social Workers"
44.0703,Forensic Social Work.,21-1022,Healthcare Social Workers
44.0703,Forensic Social Work.,21-1029,"Social Workers, All Other"
44.0703,Forensic Social Work.,25-1113,"Social Work Teachers, Postsecondary"
45.0103,Survey Research/Methodology.,11-9199,"Managers, All Other"
45.0103,Survey Research/Methodology.,15-2041,Statisticians
45.0103,Survey Research/Methodology.,19-3041,Sociologists
45.0103,Survey Research/Methodology.,19-3099,"Social Scientists and Related Workers, All Other"
45.0103,Survey Research/Methodology.,19-4061,Social Science Research Assistants
45.0103,Survey Research/Methodology.,25-1067,"Sociology Teachers, Postsecondary"
45.0103,Survey Research/Methodology.,25-1069,"Social Sciences Teachers, Postsecondary, All Other"
45.0199,"Social Sciences, Other.",11-9199,"Managers, All Other"
45.0199,"Social Sciences, Other.",19-3099,"Social Scientists and Related Workers, All Other"
45.0199,"Social Sciences, Other.",25-1069,"Social Sciences Teachers, Postsecondary, All Other"
45.0199,"Social Sciences, Other.",25-2021,"Elementary School Teachers, Except Special Education"
45.0199,"Social Sciences, Other.",25-2022,"Middle School Teachers, Except Special and Career/Technical Education"
45.0199,"Social Sciences, Other.",25-2031,"Secondary School Teachers, Except Special and Career/Technical Education"
45.0205,Forensic Anthropology.,11-9199,"Managers, All Other"
45.0205,Forensic Anthropology.,19-1042,"Medical Scientists, Except Epidemiologists"
45.0205,Forensic Anthropology.,19-3091,Anthropologists and Archeologists
45.0205,Forensic Anthropology.,19-4092,Forensic Science Technicians
45.0205,Forensic Anthropology.,25-1061,"Anthropology and Archeology Teachers, Postsecondary"
45.0502,Applied Demography.,11-9199,"Managers, All Other"
45.0502,Applied Demography.,19-3041,Sociologists
45.0502,Applied Demography.,19-3099,"Social Scientists and Related Workers, All Other"
45.0502,Applied Demography.,25-1067,"Sociology Teachers, Postsecondary"
45.0599,"Demography, Other.",11-9199,"Managers, All Other"
45.0599,"Demography, Other.",19-3041,Sociologists
45.0599,"Demography, Other.",19-3099,"Social Scientists and Related Workers, All Other"
45.0599,"Demography, Other.",25-1067,"Sociology Teachers, Postsecondary"
45.1102,Applied/Public Sociology.,11-9199,"Managers, All Other"
45.1102,Applied/Public Sociology.,19-3041,Sociologists
45.1102,Applied/Public Sociology.,19-4061,Social Science Research Assistants
45.1102,Applied/Public Sociology.,25-1067,"Sociology Teachers, Postsecondary"
45.1199,"Sociology, Other.",11-9199,"Managers, All Other"
45.1199,"Sociology, Other.",19-3041,Sociologists
45.1199,"Sociology, Other.",25-1067,"Sociology Teachers, Postsecondary"
45.1199,"Sociology, Other.",25-1069,"Social Sciences Teachers, Postsecondary, All Other"
45.1501,Geography and Anthropology.,11-9199,"Managers, All Other"
45.1501,Geography and Anthropology.,19-3091,Anthropologists and Archeologists
45.1501,Geography and Anthropology.,19-3092,Geographers
45.1501,Geography and Anthropology.,25-1061,"Anthropology and Archeology Teachers, Postsecondary"
45.1501,Geography and Anthropology.,25-1064,"Geography Teachers, Postsecondary"
47.0701,Energy Systems Installation and Repair Technology/Technician.,49-1011,"First-Line Supervisors of Mechanics, Installers, and Repairers"
47.0701,Energy Systems Installation and Repair Technology/Technician.,49-9041,Industrial Machinery Mechanics
47.0701,Energy Systems Installation and Repair Technology/Technician.,49-9081,Wind Turbine Service Technicians
47.0701,Energy Systems Installation and Repair Technology/Technician.,49-9099,"Installation, Maintenance, and Repair Workers, All Other"
47.0703,Solar Energy System Installation and Repair Technology/Technician.,47-2231,Solar Photovoltaic Installers
47.0703,Solar Energy System Installation and Repair Technology/Technician.,49-1011,"First-Line Supervisors of Mechanics, Installers, and Repairers"
47.0703,Solar Energy System Installation and Repair Technology/Technician.,49-9099,"Installation, Maintenance, and Repair Workers, All Other"
47.0704,Wind Energy System Installation and Repair Technology/Technician.,49-1011,"First-Line Supervisors of Mechanics, Installers, and Repairers"
47.0704,Wind Energy System Installation and Repair Technology/Technician.,49-9081,Wind Turbine Service Technicians
47.0705,Hydroelectric Energy System Installation and Repair Technology/Technician.,49-1011,"First-Line Supervisors of Mechanics, Installers, and Repairers"
47.0705,Hydroelectric Energy System Installation and Repair Technology/Technician.,49-9041,Industrial Machinery Mechanics
47.0705,Hydroelectric Energy System Installation and Repair Technology/Technician.,49-9099,"Installation, Maintenance, and Repair Workers, All Other"
47.0706,Geothermal Energy System Installation and Repair Technology/Technician.,49-1011,"First-Line Supervisors of Mechanics, Installers, and Repairers"
47.0706,Geothermal Energy System Installation and Repair Technology/Technician.,49-9041,Industrial Machinery Mechanics
47.0706,Geothermal Energy System Installation and Repair Technology/Technician.,49-9099,"Installation, Maintenance, and Repair Workers, All Other"
47.0799,"Energy Systems Maintenance and Repair Technologies/Technicians, Other.",49-9099,"Installation, Maintenance, and Repair Workers, All Other"
48.0704,Wooden Boatbuilding Technology/Technician.,51-7031,"Model Makers, Wood"
48.0704,Wooden Boatbuilding Technology/Technician.,51-7099,"Woodworkers, All Other"
49.0209,Forklift Operation/Operator.,53-7051,Industrial Truck and Tractor Operators
50.0511,Comedy Writing and Performance.,25-1121,"Art, Drama, and Music Teachers, Postsecondary"
50.0511,Comedy Writing and Performance.,27-2011,Actors
50.0511,Comedy Writing and Performance.,27-3043,Writers and Authors
50.0512,Theatre and Dance.,25-1121,"Art, Drama, and Music Teachers, Postsecondary"
50.0512,Theatre and Dance.,27-2011,Actors
50.0512,Theatre and Dance.,27-2012,Producers and Directors
50.0512,Theatre and Dance.,27-2031,Dancers
50.0512,Theatre and Dance.,27-2032,Choreographers
50.0512,Theatre and Dance.,27-2099,"Entertainers and Performers, Sports and Related Workers, All Other"
50.0714,Metal Arts.,25-1121,"Art, Drama, and Music Teachers, Postsecondary"
50.0714,Metal Arts.,27-1012,Craft Artists
50.0714,Metal Arts.,51-9071,Jewelers and Precious Stone and Metal Workers
50.0917,Sound Arts.,25-1121,"Art, Drama, and Music Teachers, Postsecondary"
50.0917,Sound Arts.,27-2041,Music Directors and Composers
50.1101,Community/Environmental/Socially-Engaged Art.,25-1121,"Art, Drama, and Music Teachers, Postsecondary"
50.1101,Community/Environmental/Socially-Engaged Art.,27-1013,"Fine Artists, Including Painters, Sculptors, and Illustrators"
50.1101,Community/Environmental/Socially-Engaged Art.,27-1019,"Artists and Related Workers, All Other"
51.0512,Digital Dentistry.,25-1071,"Health Specialties Teachers, Postsecondary"
51.0512,Digital Dentistry.,29-1029,"Dentists, All Other Specialists"
51.0513,Geriatric Dentistry.,25-1071,"Health Specialties Teachers, Postsecondary"
51.0513,Geriatric Dentistry.,29-1029,"Dentists, All Other Specialists"
51.0514,Implantology/Implant Dentistry.,25-1071,"Health Specialties Teachers, Postsecondary"
51.0514,Implantology/Implant Dentistry.,29-1029,"Dentists, All Other Specialists"
51.0720,Regulatory Science/Affairs.,11-9111,Medical and Health Services Managers
51.0720,Regulatory Science/Affairs.,13-1041,Compliance Officers
51.0721,Disease Registry Data Management.,11-9111,Medical and Health Services Managers
51.0721,Disease Registry Data Management.,29-2072,Medical Records Specialists
51.0721,Disease Registry Data Management.,29-9021,Health Information Technologists and Medical Registrars
51.0722,Healthcare Innovation.,11-9111,Medical and Health Services Managers
51.0723,Healthcare Information Privacy Assurance and Security.,15-1212,Information Security Analysts
51.0723,Healthcare Information Privacy Assurance and Security.,29-9021,Health Information Technologists and Medical Registrars
51.0921,Hyperbaric Medicine Technology/Technician.,25-1071,"Health Specialties Teachers, Postsecondary"
51.0921,Hyperbaric Medicine Technology/Technician.,29-2099,"Health Technologists and Technicians, All Other"
51.0922,Intraoperative Neuromonitoring Technology/Technician.,25-1071,"Health Specialties Teachers, Postsecondary"
51.0922,Intraoperative Neuromonitoring Technology/Technician.,29-2099,"Health Technologists and Technicians, All Other"
51.0923,Orthopedic Technology/Technician.,25-1071,"Health Specialties Teachers, Postsecondary"
51.0923,Orthopedic Technology/Technician.,29-2099,"Health Technologists and Technicians, All Other"
51.1110,Pre-Art Therapy.,99-9999,NO MATCH
51.1111,Pre-Physician Assistant.,99-9999,NO MATCH
51.1299,"Medicine, Other.",99-9999,NO MATCH
51.1402,Clinical and Translational Science.,19-1042,"Medical Scientists, Except Epidemiologists"
51.1403,Pain Management.,29-1229,"Physicians, All Other"
51.1404,Temporomandibular Disorders and Orofacial Pain.,29-1029,"Dentists, All Other Specialists"
51.1405,Tropical Medicine.,19-1042,"Medical Scientists, Except Epidemiologists"
51.1405,Tropical Medicine.,25-1071,"Health Specialties Teachers, Postsecondary"
51.1499,"Medical Clinical Sciences/Graduate Medical Studies, Other.",19-1042,"Medical Scientists, Except Epidemiologists"
51.1510,Infant/Toddler Mental Health Services.,21-1013,Marriage and Family Therapists
51.1510,Infant/Toddler Mental Health Services.,21-1019,"Counselors, All Other"
51.1510,Infant/Toddler Mental Health Services.,21-1021,"Child, Family, and School Social Workers"
51.1511,Medical Family Therapy/Therapist.,21-1013,Marriage and Family Therapists
51.1511,Medical Family Therapy/Therapist.,21-1022,Healthcare Social Workers
51.1512,Hospice and Palliative Care.,21-1022,Healthcare Social Workers
51.1512,Hospice and Palliative Care.,21-1029,"Social Workers, All Other"
51.1513,Trauma Counseling.,21-1014,Mental Health Counselors
51.2213,Patient Safety and Healthcare Quality.,11-9111,Medical and Health Services Managers
51.2213,Patient Safety and Healthcare Quality.,13-1041,Compliance Officers
51.2213,Patient Safety and Healthcare Quality.,19-5011,Occupational Health and Safety Specialists
51.2213,Patient Safety and Healthcare Quality.,19-5012,Occupational Health and Safety Technicians
51.2213,Patient Safety and Healthcare Quality.,25-1071,"Health Specialties Teachers, Postsecondary"
51.2214,Public Health Genetics.,11-9111,Medical and Health Services Managers
51.2214,Public Health Genetics.,25-1071,"Health Specialties Teachers, Postsecondary"
51.2214,Public Health Genetics.,29-9092,Genetic Counselors
51.2300,"Rehabilitation and Therapeutic Professions, General.",25-1071,"Health Specialties Teachers, Postsecondary"
51.2300,"Rehabilitation and Therapeutic Professions, General.",29-1129,"Therapists, All Other"
51.2315,Drama Therapy/Therapist.,25-1071,"Health Specialties Teachers, Postsecondary"
51.2315,Drama Therapy/Therapist.,29-1129,"Therapists, All Other"
51.2316,Horticulture Therapy/Therapist.,25-1071,"Health Specialties Teachers, Postsecondary"
51.2316,Horticulture Therapy/Therapist.,29-1129,"Therapists, All Other"
51.2317,Play Therapy/Therapist.,25-1071,"Health Specialties Teachers, Postsecondary"
51.2317,Play Therapy/Therapist.,29-1129,"Therapists, All Other"
51.2605,Physical Therapy Technician/Aide.,31-2022,Physical Therapist Aides
51.3202,Health Professions Education.,11-9033,"Education Administrators, Postsecondary"
51.3202,Health Professions Education.,25-1071,"Health Specialties Teachers, Postsecondary"
51.3202,Health Professions Education.,25-1081,"Education Teachers, Postsecondary"
51.3204,Medical/Health Humanities.,19-3041,Sociologists
51.3204,Medical/Health Humanities.,19-3091,Anthropologists and Archeologists
51.3204,Medical/Health Humanities.,19-3092,Geographers
51.3204,Medical/Health Humanities.,19-3093,Historians
51.3204,Medical/Health Humanities.,19-3099,"Social Scientists and Related Workers, All Other"
51.3204,Medical/Health Humanities.,25-1069,"Social Sciences Teachers, Postsecondary, All Other"
51.3204,Medical/Health Humanities.,25-1199,"Postsecondary Teachers, All Other"
51.3205,History of Medicine.,19-3093,Historians
51.3205,History of Medicine.,25-1125,"History Teachers, Postsecondary"
51.3206,Arts in Medicine/Health.,11-9111,Medical and Health Services Managers
51.3206,Arts in Medicine/Health.,21-1094,Community Health Workers
51.3299,"Health Professions Education, Ethics, and Humanities, Other.",11-9111,Medical and Health Services Managers
51.3299,"Health Professions Education, Ethics, and Humanities, Other.",25-1199,"Postsecondary Teachers, All Other"
51.3824,Forensic Nursing.,25-1072,"Nursing Instructors and Teachers, Postsecondary"
51.3824,Forensic Nursing.,29-1141,Registered Nurses
51.3824,Forensic Nursing.,29-1171,Nurse Practitioners
52.0214,Research Administration.,11-9033,"Education Administrators, Postsecondary"
52.0214,Research Administration.,11-9111,Medical and Health Services Managers
52.0214,Research Administration.,11-9121,Natural Sciences Managers
52.0214,Research Administration.,11-9199,"Managers, All Other"
52.0214,Research Administration.,13-1131,Fundraisers
52.0215,Risk Management.,11-1021,General and Operations Managers
52.0215,Risk Management.,11-3031,Financial Managers
52.0215,Risk Management.,13-2053,Insurance Underwriters
52.0215,Risk Management.,13-2054,Financial Risk Specialists
52.0215,Risk Management.,15-2011,Actuaries
52.0216,Science/Technology Management.,11-3051,Industrial Production Managers
52.0216,Science/Technology Management.,11-9041,Architectural and Engineering Managers
52.0216,Science/Technology Management.,11-9111,Medical and Health Services Managers
52.0216,Science/Technology Management.,11-9121,Natural Sciences Managers
52.0216,Science/Technology Management.,11-9199,"Managers, All Other"
52.0216,Science/Technology Management.,13-1082,Project Management Specialists
52.0502,Grantsmanship.,11-2033,Fundraising Managers
52.0502,Grantsmanship.,13-1131,Fundraisers
52.0502,Grantsmanship.,27-3041,Editors
52.0502,Grantsmanship.,27-3042,Technical Writers
52.0599,"Business/Corporate Communications, Other.",11-2032,Public Relations Managers
52.0599,"Business/Corporate Communications, Other.",25-1011,"Business Teachers, Postsecondary"
52.0599,"Business/Corporate Communications, Other.",25-1122,"Communications Teachers, Postsecondary"
52.0599,"Business/Corporate Communications, Other.",27-3031,Public Relations Specialists
52.0599,"Business/Corporate Communications, Other.",27-3041,Editors
52.0599,"Business/Corporate Communications, Other.",27-3042,Technical Writers
52.0599,"Business/Corporate Communications, Other.",27-3043,Writers and Authors
52.0704,Social Entrepreneurship.,11-1011,Chief Executives
52.0704,Social Entrepreneurship.,11-1021,General and Operations Managers
52.0704,Social Entrepreneurship.,11-9199,"Managers, All Other"
52.0810,Financial Risk Management.,11-1021,General and Operations Managers
52.0810,Financial Risk Management.,11-3031,Financial Managers
52.0810,Financial Risk Management.,13-2041,Credit Analysts
52.0810,Financial Risk Management.,13-2051,Financial and Investment Analysts
52.0810,Financial Risk Management.,13-2053,Insurance Underwriters
52.0810,Financial Risk Management.,13-2054,Financial Risk Specialists
52.0810,Financial Risk Management.,25-1011,"Business Teachers, Postsecondary"
52.0910,Brewery/Brewpub Operations/Management.,11-9051,Food Service Managers
52.1006,Executive/Career Coaching.,11-3121,Human Resources Managers
52.1006,Executive/Career Coaching.,11-3131,Training and Development Managers
52.1006,Executive/Career Coaching.,13-1071,Human Resources Specialists
52.1006,Executive/Career Coaching.,13-1151,Training and Development Specialists
52.1006,Executive/Career Coaching.,21-1012,"Educational, Guidance, and Career Counselors and Advisors"
52.1006,Executive/Career Coaching.,21-1019,"Counselors, All Other"
52.1404,Digital Marketing.,11-2021,Marketing Managers
52.1404,Digital Marketing.,13-1161,Market Research Analysts and Marketing Specialists
52.1404,Digital Marketing.,15-1255,Web and Digital Interface Designers
52.1404,Digital Marketing.,25-1011,"Business Teachers, Postsecondary"
52.2002,Construction Project Management.,11-9021,Construction Managers
52.2002,Construction Project Management.,13-1082,Project Management Specialists
52.2002,Construction Project Management.,25-1011,"Business Teachers, Postsecondary"
52.2099,"Construction Management, Other.",11-9021,Construction Managers
52.2099,"Construction Management, Other.",25-1011,"Business Teachers, Postsecondary"
60.0110,Implantology Fellowship Program.,29-1024,Prosthodontists
60.0701,"Nurse Practitioner Residency/Fellowship Program, General.",29-1171,Nurse Practitioners
60.0702,Combined Nurse Practitioner Residency/Fellowship Program.,29-1171,Nurse Practitioners
60.0703,Acute Care Nurse Practitioner Residency/Fellowship Program.,29-1171,Nurse Practitioners
60.0704,Adult/Gerontology Acute Care Nurse Practitioner Residency/Fellowship Program.,29-1171,Nurse Practitioners
60.0705,Adult/Gerontology Critical Care Nurse Practitioner Residency/Fellowship Program.,29-1171,Nurse Practitioners
60.0706,Cardiology/Cardiovascular Nurse Practitioner Residency/Fellowship Program.,29-1171,Nurse Practitioners
60.0707,Clinical Informatics Nurse Practitioner Residency/Fellowship Program.,29-1171,Nurse Practitioners
60.0708,Dermatology Nurse Practitioner Residency/Fellowship Program.,29-1171,Nurse Practitioners
60.0709,Developmental and Behavioral Pediatrics Nurse Practitioner Residency/Fellowship Program.,29-1171,Nurse Practitioners
60.0710,Diabetes Nurse Practitioner Residency/Fellowship Program.,29-1171,Nurse Practitioners
60.0711,Emergency Medicine Nurse Practitioner Residency/Fellowship Program.,29-1171,Nurse Practitioners
60.0712,Endocrinology Nurse Practitioner Residency/Fellowship Program.,29-1171,Nurse Practitioners
60.0713,Family Medicine Nurse Practitioner Residency/Fellowship Program.,29-1171,Nurse Practitioners
60.0714,Gastroenterology and Hepatology Nurse Practitioner Residency/Fellowship Program.,29-1171,Nurse Practitioners
60.0715,Gastroenterology Nurse Practitioner Residency/Fellowship Program.,29-1171,Nurse Practitioners
60.0716,Genetics Nurse Practitioner Residency/Fellowship Program.,29-1171,Nurse Practitioners
60.0717,Gerontology Nurse Practitioner Residency/Fellowship Program.,29-1171,Nurse Practitioners
60.0718,Global Health Nurse Practitioner Residency/Fellowship Program.,29-1171,Nurse Practitioners
60.0719,Hematology-Oncology Nurse Practitioner Residency/Fellowship Program.,29-1171,Nurse Practitioners
60.0720,Hepatology Nurse Practitioner Residency/Fellowship Program.,29-1171,Nurse Practitioners
60.0721,Home-Based Primary Care Nurse Practitioner Residency/Fellowship Program.,29-1171,Nurse Practitioners
60.0722,Hospice and Palliative Medicine Nurse Practitioner Residency/Fellowship Program.,29-1171,Nurse Practitioners
60.0723,Hospital Medicine Nurse Practitioner Residency/Fellowship Program.,29-1171,Nurse Practitioners
60.0724,Infectious Diseases Nurse Practitioner Residency/Fellowship Program.,29-1171,Nurse Practitioners
60.0725,Neonatal Nurse Practitioner Residency/Fellowship Program.,29-1171,Nurse Practitioners
60.0726,Nephrology Nurse Practitioner Residency/Fellowship Program.,29-1171,Nurse Practitioners
60.0727,Neurology Nurse Practitioner Residency/Fellowship Program.,29-1171,Nurse Practitioners
60.0728,Neuroscience Nurse Practitioner Residency/Fellowship Program.,29-1171,Nurse Practitioners
60.0729,Obstetrics and Gynecology Nurse Practitioner Residency/Fellowship Program.,29-1171,Nurse Practitioners
60.0730,Occupational Health Nurse Practitioner Residency/Fellowship Program.,29-1171,Nurse Practitioners
60.0731,Orthopedic Nurse Practitioner Residency/Fellowship Program.,29-1171,Nurse Practitioners
60.0732,Orthopedic Surgery Nurse Practitioner Residency/Fellowship Program.,29-1171,Nurse Practitioners
60.0733,Pain Management Nurse Practitioner Residency/Fellowship Program.,29-1171,Nurse Practitioners
60.0734,Palliative Care Nurse Practitioner Residency/Fellowship Program.,29-1171,Nurse Practitioners
60.0735,Pediatric Hematology-Oncology Nurse Practitioner Residency/Fellowship Program.,29-1171,Nurse Practitioners
60.0736,Pediatric Nurse Practitioner Residency/Fellowship Program.,29-1171,Nurse Practitioners
60.0737,Pediatric Rehabilitation Nurse Practitioner Residency/Fellowship Program.,29-1171,Nurse Practitioners
60.0738,Psychiatric/Mental Health Nurse Practitioner Residency/Fellowship Program.,29-1171,Nurse Practitioners
60.0739,Public/Community Health Nurse Practitioner Residency/Fellowship Program.,29-1171,Nurse Practitioners
60.0740,Pulmonary Nurse Practitioner Residency/Fellowship Program.,29-1171,Nurse Practitioners
60.0741,Rheumatology Nurse Practitioner Residency/Fellowship Program.,29-1171,Nurse Practitioners
60.0742,Rural Health Nurse Practitioner Residency/Fellowship Program.,29-1171,Nurse Practitioners
60.0743,Sleep Medicine Nurse Practitioner Residency/Fellowship Program.,29-1171,Nurse Practitioners
60.0744,Surgical and Critical Care Nurse Practitioner Residency/Fellowship Program.,29-1171,Nurse Practitioners
60.0745,Surgical Wound and Reconstruction Nurse Practitioner Residency/Fellowship Program.,29-1171,Nurse Practitioners
60.0746,Transplantation Nurse Practitioner Residency/Fellowship Program.,29-1171,Nurse Practitioners
60.0747,Trauma and Critical Care Nurse Practitioner Residency/Fellowship Program.,29-1171,Nurse Practitioners
60.0748,Urgent Care Nurse Practitioner Residency/Fellowship Program.,29-1171,Nurse Practitioners
60.0749,Urology Nurse Practitioner Residency/Fellowship Program.,29-1171,Nurse Practitioners
60.0750,Women's Health Nurse Practitioner Residency/Fellowship Program.,29-1171,Nurse Practitioners
60.0751,Wound Care Nurse Practitioner Residency/Fellowship Program.,29-1171,Nurse Practitioners
60.0799,"Nurse Practitioner Residency/Fellowship Program, Other.",29-1171,Nurse Practitioners
60.0801,"Pharmacy Residency/Fellowship Program, General.",29-1051,Pharmacists
60.0802,Combined Pharmacy Residency/Fellowship Program.,29-1051,Pharmacists
60.0803,Ambulatory Care Pharmacy Residency/Fellowship Program.,29-1051,Pharmacists
60.0804,Cardiology Pharmacy Residency/Fellowship Program.,29-1051,Pharmacists
60.0805,Clinical Pharmacogenomics Pharmacy Residency/Fellowship Program.,29-1051,Pharmacists
60.0806,Community/Community-Based Pharmacy Residency/Fellowship Program.,29-1051,Pharmacists
60.0807,Corporate Pharmacy Leadership Residency/Fellowship Program.,29-1051,Pharmacists
60.0808,Critical Care Pharmacy Residency/Fellowship Program.,29-1051,Pharmacists
60.0809,Drug Information Pharmacy Residency/Fellowship Program,29-1051,Pharmacists
60.0810,Emergency Medicine Pharmacy Residency/Fellowship Program.,29-1051,Pharmacists
60.0811,Family Medicine Pharmacy Residency/Fellowship Program.,29-1051,Pharmacists
60.0812,Geriatric Pharmacy Residency/Fellowship Program.,29-1051,Pharmacists
60.0813,Health System Medication Management Pharmacy Residency/Fellowship Program.,29-1051,Pharmacists
60.0814,Health System Pharmacy Administration and Leadership Residency/Fellowship Program.,29-1051,Pharmacists
60.0815,Infectious Diseases Pharmacy Residency/Fellowship Program.,29-1051,Pharmacists
60.0816,Internal Medicine Pharmacy Residency/Fellowship Program.,29-1051,Pharmacists
60.0817,Investigational Drugs and Research Pharmacy Residency/Fellowship Program.,29-1051,Pharmacists
60.0818,Managed Care Pharmacy Residency/Fellowship Program.,29-1051,Pharmacists
60.0819,Medication Systems and Operations Pharmacy Residency/Fellowship Program.,29-1051,Pharmacists
60.0820,Medication-Use Safety Pharmacy Residency/Fellowship Program.,29-1051,Pharmacists
60.0821,Neonatal Pharmacy Residency/Fellowship Program.,29-1051,Pharmacists
60.0822,Nephrology Pharmacy Residency/Fellowship Program.,29-1051,Pharmacists
60.0823,Neurology Pharmacy Residency/Fellowship Program.,29-1051,Pharmacists
60.0824,Nuclear Pharmacy Residency/Fellowship Program.,29-1051,Pharmacists
60.0825,Nutrition Support Pharmacy Residency/Fellowship Program.,29-1051,Pharmacists
60.0826,Oncology Pharmacy Residency/Fellowship Program.,29-1051,Pharmacists
60.0827,Palliative Care/Pain Management Pharmacy Residency/Fellowship Program.,29-1051,Pharmacists
60.0828,Pediatric Pharmacy Residency/Fellowship Program.,29-1051,Pharmacists
60.0829,Pharmacotherapy Pharmacy Residency/Fellowship Program.,29-1051,Pharmacists
60.0830,Pharmacy Informatics Pharmacy Residency/Fellowship Program.,29-1051,Pharmacists
60.0831,Psychiatric Pharmacy Residency/Fellowship Program.,29-1051,Pharmacists
60.0832,Transplantation Pharmacy Residency/Fellowship Program.,29-1051,Pharmacists
60.0899,"Pharmacy Residency Programs, Other.",29-1051,Pharmacists
60.0901,"Physician Assistant Residency/Fellowship Program, General.",29-1071,Physician Assistants
60.0902,Combined Physician Assistant Residency/Fellowship Program.,29-1071,Physician Assistants
60.0903,Acute Care Medicine Physician Assistant Residency/Fellowship Program.,29-1071,Physician Assistants
60.0904,Acute Care Surgery Physician Assistant Residency/Fellowship Program.,29-1071,Physician Assistants
60.0905,Cardiology Physician Assistant Residency/Fellowship Program.,29-1071,Physician Assistants
60.0906,Cardiothoracic Surgery Physician Assistant Residency/Fellowship Program.,29-1071,Physician Assistants
60.0907,Critical Care Physician Assistant Residency/Fellowship Program.,29-1071,Physician Assistants
60.0908,Critical Care and Trauma Surgery Physician Assistant Residency/Fellowship Program.,29-1071,Physician Assistants
60.0909,Emergency Medicine Physician Assistant Residency/Fellowship Program.,29-1071,Physician Assistants
60.0910,ENT Surgery Physician Assistant Residency/Fellowship Program.,29-1071,Physician Assistants
60.0911,Family Medicine Physician Assistant Residency/Fellowship Program.,29-1071,Physician Assistants
60.0912,Geriatrics Physician Assistant Residency/Fellowship Program.,29-1071,Physician Assistants
60.0913,Hematology-Oncology Physician Assistant Residency/Fellowship Program.,29-1071,Physician Assistants
60.0914,Hepatobiliary Surgery Physician Assistant Residency/Fellowship Program.,29-1071,Physician Assistants
60.0915,Hospitalist Physician Assistant Residency/Fellowship Program.,29-1071,Physician Assistants
60.0916,Neurosurgery Physician Assistant Residency/Fellowship Program.,29-1071,Physician Assistants
60.0917,Orthopedic Surgery Physician Assistant Residency/Fellowship Program.,29-1071,Physician Assistants
60.0918,Pediatric Surgery Physician Assistant Residency/Fellowship Program.,29-1071,Physician Assistants
60.0919,Transplant Surgery Physician Assistant Residency/Fellowship Program.,29-1071,Physician Assistants
60.0920,Urology Physician Assistant Residency/Fellowship Program.,29-1071,Physician Assistants
60.0999,"Physician Assistant Residency/Fellowship Program, Other.",29-1071,Physician Assistants
60.9999,"Health Professions Residency/Fellowship Programs, Other.",99-9999,NO MATCH
61.0101,"Combined Medical Residency/Fellowship Program, General.",19-1042,"Medical Scientists, Except Epidemiologists"
61.0101,"Combined Medical Residency/Fellowship Program, General.",25-1071,"Health Specialties Teachers, Postsecondary"
61.0101,"Combined Medical Residency/Fellowship Program, General.",29-1229,"Physicians, All Other"
61.0101,"Combined Medical Residency/Fellowship Program, General.",29-1249,"Surgeons, All Other"
61.0102,Diagnostic Radiology/Nuclear Medicine Combined Specialty Program.,19-1042,"Medical Scientists, Except Epidemiologists"
61.0102,Diagnostic Radiology/Nuclear Medicine Combined Specialty Program.,25-1071,"Health Specialties Teachers, Postsecondary"
61.0102,Diagnostic Radiology/Nuclear Medicine Combined Specialty Program.,29-1224,Radiologists
61.0103,Emergency Medicine/Anesthesiology Combined Specialty Program.,19-1042,"Medical Scientists, Except Epidemiologists"
61.0103,Emergency Medicine/Anesthesiology Combined Specialty Program.,25-1071,"Health Specialties Teachers, Postsecondary"
61.0103,Emergency Medicine/Anesthesiology Combined Specialty Program.,29-1211,Anesthesiologists
61.0103,Emergency Medicine/Anesthesiology Combined Specialty Program.,29-1214,Emergency Medicine Physicians
61.0104,Family Medicine/Emergency Medicine Combined Specialty Program.,19-1042,"Medical Scientists, Except Epidemiologists"
61.0104,Family Medicine/Emergency Medicine Combined Specialty Program.,25-1071,"Health Specialties Teachers, Postsecondary"
61.0104,Family Medicine/Emergency Medicine Combined Specialty Program.,29-1214,Emergency Medicine Physicians
61.0104,Family Medicine/Emergency Medicine Combined Specialty Program.,29-1215,Family Medicine Physicians
61.0105,Family Medicine/Osteopathic Neuromusculoskeletal Medicine Combined Specialty Program.,19-1042,"Medical Scientists, Except Epidemiologists"
61.0105,Family Medicine/Osteopathic Neuromusculoskeletal Medicine Combined Specialty Program.,25-1071,"Health Specialties Teachers, Postsecondary"
61.0105,Family Medicine/Osteopathic Neuromusculoskeletal Medicine Combined Specialty Program.,29-1215,Family Medicine Physicians
61.0105,Family Medicine/Osteopathic Neuromusculoskeletal Medicine Combined Specialty Program.,29-1229,"Physicians, All Other"
61.0106,Family Medicine/Preventive Medicine Combined Specialty Program.,19-1042,"Medical Scientists, Except Epidemiologists"
61.0106,Family Medicine/Preventive Medicine Combined Specialty Program.,25-1071,"Health Specialties Teachers, Postsecondary"
61.0106,Family Medicine/Preventive Medicine Combined Specialty Program.,29-1215,Family Medicine Physicians
61.0106,Family Medicine/Preventive Medicine Combined Specialty Program.,29-1229,"Physicians, All Other"
61.0107,Family Medicine/Psychiatry Combined Specialty Program.,19-1042,"Medical Scientists, Except Epidemiologists"
61.0107,Family Medicine/Psychiatry Combined Specialty Program.,25-1071,"Health Specialties Teachers, Postsecondary"
61.0107,Family Medicine/Psychiatry Combined Specialty Program.,29-1215,Family Medicine Physicians
61.0107,Family Medicine/Psychiatry Combined Specialty Program.,29-1223,Psychiatrists
61.0108,Internal Medicine/Anesthesiology Combined Specialty Program.,19-1042,"Medical Scientists, Except Epidemiologists"
61.0108,Internal Medicine/Anesthesiology Combined Specialty Program.,25-1071,"Health Specialties Teachers, Postsecondary"
61.0108,Internal Medicine/Anesthesiology Combined Specialty Program.,29-1211,Anesthesiologists
61.0108,Internal Medicine/Anesthesiology Combined Specialty Program.,29-1216,General Internal Medicine Physicians
61.0109,Internal Medicine/Dermatology Combined Specialty Program.,19-1042,"Medical Scientists, Except Epidemiologists"
61.0109,Internal Medicine/Dermatology Combined Specialty Program.,25-1071,"Health Specialties Teachers, Postsecondary"
61.0109,Internal Medicine/Dermatology Combined Specialty Program.,29-1213,Dermatologists
61.0109,Internal Medicine/Dermatology Combined Specialty Program.,29-1216,General Internal Medicine Physicians
61.0110,Internal Medicine/Emergency Medicine Combined Specialty Program.,19-1042,"Medical Scientists, Except Epidemiologists"
61.0110,Internal Medicine/Emergency Medicine Combined Specialty Program.,25-1071,"Health Specialties Teachers, Postsecondary"
61.0110,Internal Medicine/Emergency Medicine Combined Specialty Program.,29-1214,Emergency Medicine Physicians
61.0110,Internal Medicine/Emergency Medicine Combined Specialty Program.,29-1216,General Internal Medicine Physicians
61.0111,Internal Medicine/Emergency Medicine/Critical Care Medicine Combined Specialty Program.,19-1042,"Medical Scientists, Except Epidemiologists"
61.0111,Internal Medicine/Emergency Medicine/Critical Care Medicine Combined Specialty Program.,25-1071,"Health Specialties Teachers, Postsecondary"
61.0111,Internal Medicine/Emergency Medicine/Critical Care Medicine Combined Specialty Program.,29-1214,Emergency Medicine Physicians
61.0111,Internal Medicine/Emergency Medicine/Critical Care Medicine Combined Specialty Program.,29-1216,General Internal Medicine Physicians
61.0112,Internal Medicine/Family Medicine Combined Specialty Program.,19-1042,"Medical Scientists, Except Epidemiologists"
61.0112,Internal Medicine/Family Medicine Combined Specialty Program.,25-1071,"Health Specialties Teachers, Postsecondary"
61.0112,Internal Medicine/Family Medicine Combined Specialty Program.,29-1215,Family Medicine Physicians
61.0112,Internal Medicine/Family Medicine Combined Specialty Program.,29-1216,General Internal Medicine Physicians
61.0113,Internal Medicine/Medical Genetics and Genomics Combined Specialty Program.,19-1042,"Medical Scientists, Except Epidemiologists"
61.0113,Internal Medicine/Medical Genetics and Genomics Combined Specialty Program.,25-1071,"Health Specialties Teachers, Postsecondary"
61.0113,Internal Medicine/Medical Genetics and Genomics Combined Specialty Program.,29-1229,"Physicians, All Other"
61.0114,Internal Medicine/Neurology Combined Specialty Program.,19-1042,"Medical Scientists, Except Epidemiologists"
61.0114,Internal Medicine/Neurology Combined Specialty Program.,25-1071,"Health Specialties Teachers, Postsecondary"
61.0114,Internal Medicine/Neurology Combined Specialty Program.,29-1216,General Internal Medicine Physicians
61.0114,Internal Medicine/Neurology Combined Specialty Program.,29-1217,Neurologists
61.0115,Internal Medicine/Pediatrics Combined Specialty Program.,19-1042,"Medical Scientists, Except Epidemiologists"
61.0115,Internal Medicine/Pediatrics Combined Specialty Program.,25-1071,"Health Specialties Teachers, Postsecondary"
61.0115,Internal Medicine/Pediatrics Combined Specialty Program.,29-1216,General Internal Medicine Physicians
61.0115,Internal Medicine/Pediatrics Combined Specialty Program.,29-1221,"Pediatricians, General"
61.0116,Internal Medicine/Preventive Medicine Combined Specialty Program.,19-1042,"Medical Scientists, Except Epidemiologists"
61.0116,Internal Medicine/Preventive Medicine Combined Specialty Program.,25-1071,"Health Specialties Teachers, Postsecondary"
61.0116,Internal Medicine/Preventive Medicine Combined Specialty Program.,29-1216,General Internal Medicine Physicians
61.0116,Internal Medicine/Preventive Medicine Combined Specialty Program.,29-1229,"Physicians, All Other"
61.0117,Internal Medicine/Psychiatry Combined Specialty Program.,19-1042,"Medical Scientists, Except Epidemiologists"
61.0117,Internal Medicine/Psychiatry Combined Specialty Program.,25-1071,"Health Specialties Teachers, Postsecondary"
61.0117,Internal Medicine/Psychiatry Combined Specialty Program.,29-1216,General Internal Medicine Physicians
61.0117,Internal Medicine/Psychiatry Combined Specialty Program.,29-1223,Psychiatrists
61.0118,Medical Genetics and Genomics/Maternal-Fetal Medicine Combined Specialty Program.,19-1042,"Medical Scientists, Except Epidemiologists"
61.0118,Medical Genetics and Genomics/Maternal-Fetal Medicine Combined Specialty Program.,25-1071,"Health Specialties Teachers, Postsecondary"
61.0118,Medical Genetics and Genomics/Maternal-Fetal Medicine Combined Specialty Program.,29-1229,"Physicians, All Other"
61.0119,Pediatrics/Anesthesiology Combined Specialty Program.,19-1042,"Medical Scientists, Except Epidemiologists"
61.0119,Pediatrics/Anesthesiology Combined Specialty Program.,25-1071,"Health Specialties Teachers, Postsecondary"
61.0119,Pediatrics/Anesthesiology Combined Specialty Program.,29-1211,Anesthesiologists
61.0119,Pediatrics/Anesthesiology Combined Specialty Program.,29-1221,"Pediatricians, General"
61.0120,Pediatrics/Emergency Medicine Combined Specialty Program.,19-1042,"Medical Scientists, Except Epidemiologists"
61.0120,Pediatrics/Emergency Medicine Combined Specialty Program.,25-1071,"Health Specialties Teachers, Postsecondary"
61.0120,Pediatrics/Emergency Medicine Combined Specialty Program.,29-1214,Emergency Medicine Physicians
61.0120,Pediatrics/Emergency Medicine Combined Specialty Program.,29-1221,"Pediatricians, General"
61.0121,Pediatrics/Medical Genetics and Genomics Combined Specialty Program.,19-1042,"Medical Scientists, Except Epidemiologists"
61.0121,Pediatrics/Medical Genetics and Genomics Combined Specialty Program.,25-1071,"Health Specialties Teachers, Postsecondary"
61.0121,Pediatrics/Medical Genetics and Genomics Combined Specialty Program.,29-1221,"Pediatricians, General"
61.0121,Pediatrics/Medical Genetics and Genomics Combined Specialty Program.,29-1229,"Physicians, All Other"
61.0122,Pediatrics/Physical Medicine & Rehabilitation Combined Specialty Program.,19-1042,"Medical Scientists, Except Epidemiologists"
61.0122,Pediatrics/Physical Medicine & Rehabilitation Combined Specialty Program.,25-1071,"Health Specialties Teachers, Postsecondary"
61.0122,Pediatrics/Physical Medicine & Rehabilitation Combined Specialty Program.,29-1221,"Pediatricians, General"
61.0122,Pediatrics/Physical Medicine & Rehabilitation Combined Specialty Program.,29-1229,"Physicians, All Other"
61.0123,Pediatrics/Psychology/Child-Adolescent Psychology Combined Specialty Program.,19-1042,"Medical Scientists, Except Epidemiologists"
61.0123,Pediatrics/Psychology/Child-Adolescent Psychology Combined Specialty Program.,25-1071,"Health Specialties Teachers, Postsecondary"
61.0123,Pediatrics/Psychology/Child-Adolescent Psychology Combined Specialty Program.,29-1221,"Pediatricians, General"
61.0123,Pediatrics/Psychology/Child-Adolescent Psychology Combined Specialty Program.,29-1223,Psychiatrists
61.0124,Psychiatry/Neurology Combined Specialty Program.,19-1042,"Medical Scientists, Except Epidemiologists"
61.0124,Psychiatry/Neurology Combined Specialty Program.,25-1071,"Health Specialties Teachers, Postsecondary"
61.0124,Psychiatry/Neurology Combined Specialty Program.,29-1217,Neurologists
61.0124,Psychiatry/Neurology Combined Specialty Program.,29-1223,Psychiatrists
61.0125,Reproductive Endocrinology and Infertility/Medical Genetics and Genomics Combined Specialty Program.,19-1042,"Medical Scientists, Except Epidemiologists"
61.0125,Reproductive Endocrinology and Infertility/Medical Genetics and Genomics Combined Specialty Program.,25-1071,"Health Specialties Teachers, Postsecondary"
61.0125,Reproductive Endocrinology and Infertility/Medical Genetics and Genomics Combined Specialty Program.,29-1229,"Physicians, All Other"
61.0199,"Combined Medical Residency/Fellowship Programs, Other.",19-1042,"Medical Scientists, Except Epidemiologists"
61.0199,"Combined Medical Residency/Fellowship Programs, Other.",25-1071,"Health Specialties Teachers, Postsecondary"
61.0199,"Combined Medical Residency/Fellowship Programs, Other.",29-1229,"Physicians, All Other"
61.0199,"Combined Medical Residency/Fellowship Programs, Other.",29-1249,"Surgeons, All Other"
61.0204,Health Policy Fellowship Program.,25-1071,"Health Specialties Teachers, Postsecondary"
61.0206,Integrative Medicine Fellowship Program.,19-1042,"Medical Scientists, Except Epidemiologists"
61.0206,Integrative Medicine Fellowship Program.,25-1071,"Health Specialties Teachers, Postsecondary"
61.0206,Integrative Medicine Fellowship Program.,29-1229,"Physicians, All Other"
61.0207,Medical Education Fellowship Program.,11-9033,"Education Administrators, Postsecondary"
61.0207,Medical Education Fellowship Program.,25-1071,"Health Specialties Teachers, Postsecondary"
61.0211,Simulation Fellowship Program.,11-9033,"Education Administrators, Postsecondary"
61.0211,Simulation Fellowship Program.,25-1071,"Health Specialties Teachers, Postsecondary"
61.0215,Telemedicine Fellowship Program.,19-1042,"Medical Scientists, Except Epidemiologists"
61.0215,Telemedicine Fellowship Program.,25-1071,"Health Specialties Teachers, Postsecondary"
61.0215,Telemedicine Fellowship Program.,29-1229,"Physicians, All Other"
61.0217,Wilderness Medicine Fellowship Program.,19-1042,"Medical Scientists, Except Epidemiologists"
61.0217,Wilderness Medicine Fellowship Program.,25-1071,"Health Specialties Teachers, Postsecondary"
61.0217,Wilderness Medicine Fellowship Program.,29-1214,Emergency Medicine Physicians
61.0218,Women's Health Fellowship Program.,19-1042,"Medical Scientists, Except Epidemiologists"
61.0218,Women's Health Fellowship Program.,25-1071,"Health Specialties Teachers, Postsecondary"
61.0218,Women's Health Fellowship Program.,29-1229,"Physicians, All Other"
61.0299,"Multiple-Pathway Medical Fellowship Programs, Other.",19-1042,"Medical Scientists, Except Epidemiologists"
61.0299,"Multiple-Pathway Medical Fellowship Programs, Other.",25-1071,"Health Specialties Teachers, Postsecondary"
61.0299,"Multiple-Pathway Medical Fellowship Programs, Other.",29-1229,"Physicians, All Other"
61.0299,"Multiple-Pathway Medical Fellowship Programs, Other.",29-1249,"Surgeons, All Other"
61.0399,"Allergy and Immunology Residency/Fellowship Programs, Other.",19-1042,"Medical Scientists, Except Epidemiologists"
61.0399,"Allergy and Immunology Residency/Fellowship Programs, Other.",25-1071,"Health Specialties Teachers, Postsecondary"
61.0399,"Allergy and Immunology Residency/Fellowship Programs, Other.",29-1229,"Physicians, All Other"
61.0499,"Anesthesiology Residency/Fellowship Programs, Other.",19-1042,"Medical Scientists, Except Epidemiologists"
61.0499,"Anesthesiology Residency/Fellowship Programs, Other.",25-1071,"Health Specialties Teachers, Postsecondary"
61.0499,"Anesthesiology Residency/Fellowship Programs, Other.",29-1211,Anesthesiologists
61.0599,"Dermatology Residency/Fellowship Programs, Other.",19-1042,"Medical Scientists, Except Epidemiologists"
61.0599,"Dermatology Residency/Fellowship Programs, Other.",25-1071,"Health Specialties Teachers, Postsecondary"
61.0599,"Dermatology Residency/Fellowship Programs, Other.",29-1213,Dermatologists
61.0602,Disaster Medicine Fellowship Program.,19-1042,"Medical Scientists, Except Epidemiologists"
61.0602,Disaster Medicine Fellowship Program.,25-1071,"Health Specialties Teachers, Postsecondary"
61.0602,Disaster Medicine Fellowship Program.,29-1214,Emergency Medicine Physicians
61.0603,Emergency Medical Services Fellowship Program.,11-9161,Emergency Management Directors
61.0603,Emergency Medical Services Fellowship Program.,19-1042,"Medical Scientists, Except Epidemiologists"
61.0603,Emergency Medical Services Fellowship Program.,25-1071,"Health Specialties Teachers, Postsecondary"
61.0603,Emergency Medical Services Fellowship Program.,29-1214,Emergency Medicine Physicians
61.0699,"Emergency Medicine Residency/Fellowship Programs, Other.",19-1042,"Medical Scientists, Except Epidemiologists"
61.0699,"Emergency Medicine Residency/Fellowship Programs, Other.",25-1071,"Health Specialties Teachers, Postsecondary"
61.0699,"Emergency Medicine Residency/Fellowship Programs, Other.",29-1214,Emergency Medicine Physicians
61.0799,"Family Medicine Residency/Fellowship Programs, Other.",19-1042,"Medical Scientists, Except Epidemiologists"
61.0799,"Family Medicine Residency/Fellowship Programs, Other.",25-1071,"Health Specialties Teachers, Postsecondary"
61.0799,"Family Medicine Residency/Fellowship Programs, Other.",29-1215,Family Medicine Physicians
61.0809,Hematology-Oncology Fellowship Program.,19-1042,"Medical Scientists, Except Epidemiologists"
61.0809,Hematology-Oncology Fellowship Program.,25-1071,"Health Specialties Teachers, Postsecondary"
61.0809,Hematology-Oncology Fellowship Program.,29-1229,"Physicians, All Other"
61.0899,"Internal Medicine Residency/Fellowship Programs, Other.",19-1042,"Medical Scientists, Except Epidemiologists"
61.0899,"Internal Medicine Residency/Fellowship Programs, Other.",25-1071,"Health Specialties Teachers, Postsecondary"
61.0899,"Internal Medicine Residency/Fellowship Programs, Other.",29-1229,"Physicians, All Other"
61.0903,Laboratory Genetics and Genomics Residency Program.,19-1042,"Medical Scientists, Except Epidemiologists"
61.0903,Laboratory Genetics and Genomics Residency Program.,25-1071,"Health Specialties Teachers, Postsecondary"
61.0903,Laboratory Genetics and Genomics Residency Program.,29-1229,"Physicians, All Other"
61.0999,"Medical Genetics and Genomics Residency/Fellowship Programs, Other.",19-1042,"Medical Scientists, Except Epidemiologists"
61.0999,"Medical Genetics and Genomics Residency/Fellowship Programs, Other.",25-1071,"Health Specialties Teachers, Postsecondary"
61.0999,"Medical Genetics and Genomics Residency/Fellowship Programs, Other.",29-1229,"Physicians, All Other"
61.1099,"Neurological Surgery Residency/Fellowship Programs, Other.",19-1042,"Medical Scientists, Except Epidemiologists"
61.1099,"Neurological Surgery Residency/Fellowship Programs, Other.",25-1071,"Health Specialties Teachers, Postsecondary"
61.1099,"Neurological Surgery Residency/Fellowship Programs, Other.",29-1249,"Surgeons, All Other"
61.1104,Epilepsy Fellowship Program.,19-1042,"Medical Scientists, Except Epidemiologists"
61.1104,Epilepsy Fellowship Program.,25-1071,"Health Specialties Teachers, Postsecondary"
61.1104,Epilepsy Fellowship Program.,29-1217,Neurologists
61.1105,Headache Medicine Fellowship Program.,19-1042,"Medical Scientists, Except Epidemiologists"
61.1105,Headache Medicine Fellowship Program.,25-1071,"Health Specialties Teachers, Postsecondary"
61.1105,Headache Medicine Fellowship Program.,29-1217,Neurologists
61.1199,"Neurology Residency/Fellowship Programs, Other.",19-1042,"Medical Scientists, Except Epidemiologists"
61.1199,"Neurology Residency/Fellowship Programs, Other.",25-1071,"Health Specialties Teachers, Postsecondary"
61.1199,"Neurology Residency/Fellowship Programs, Other.",29-1217,Neurologists
61.1299,"Nuclear Medicine Residency/Fellowship Programs, Other.",19-1042,"Medical Scientists, Except Epidemiologists"
61.1299,"Nuclear Medicine Residency/Fellowship Programs, Other.",25-1071,"Health Specialties Teachers, Postsecondary"
61.1299,"Nuclear Medicine Residency/Fellowship Programs, Other.",29-1224,Radiologists
61.1399,"Obstetrics and Gynecology Residency/Fellowship Programs, Other.",19-1042,"Medical Scientists, Except Epidemiologists"
61.1399,"Obstetrics and Gynecology Residency/Fellowship Programs, Other.",25-1071,"Health Specialties Teachers, Postsecondary"
61.1399,"Obstetrics and Gynecology Residency/Fellowship Programs, Other.",29-1218,Obstetricians and Gynecologists
61.1499,"Ophthalmology Residency/Fellowship Programs, Other.",19-1042,"Medical Scientists, Except Epidemiologists"
61.1499,"Ophthalmology Residency/Fellowship Programs, Other.",25-1071,"Health Specialties Teachers, Postsecondary"
61.1499,"Ophthalmology Residency/Fellowship Programs, Other.",29-1241,"Ophthalmologists, Except Pediatric"
61.1599,"Orthopedic Surgery Residency/Fellowship Programs, Other.",19-1042,"Medical Scientists, Except Epidemiologists"
61.1599,"Orthopedic Surgery Residency/Fellowship Programs, Other.",25-1071,"Health Specialties Teachers, Postsecondary"
61.1599,"Orthopedic Surgery Residency/Fellowship Programs, Other.",29-1242,"Orthopedic Surgeons, Except Pediatric"
61.1601,Osteopathic Neuromusculoskeletal Medicine Residency Program.,25-1071,"Health Specialties Teachers, Postsecondary"
61.1601,Osteopathic Neuromusculoskeletal Medicine Residency Program.,29-1229,"Physicians, All Other"
61.1699,"Osteopathic Medicine Residency/Fellowship Programs, Other.",19-1042,"Medical Scientists, Except Epidemiologists"
61.1699,"Osteopathic Medicine Residency/Fellowship Programs, Other.",25-1071,"Health Specialties Teachers, Postsecondary"
61.1699,"Osteopathic Medicine Residency/Fellowship Programs, Other.",29-1229,"Physicians, All Other"
61.1799,"Otolaryngology Residency/Fellowship Programs, Other.",19-1042,"Medical Scientists, Except Epidemiologists"
61.1799,"Otolaryngology Residency/Fellowship Programs, Other.",25-1071,"Health Specialties Teachers, Postsecondary"
61.1799,"Otolaryngology Residency/Fellowship Programs, Other.",29-1229,"Physicians, All Other"
61.1799,"Otolaryngology Residency/Fellowship Programs, Other.",29-1249,"Surgeons, All Other"
61.1802,Anatomic Pathology Residency Program.,25-1071,"Health Specialties Teachers, Postsecondary"
61.1802,Anatomic Pathology Residency Program.,29-1222,"Physicians, Pathologists"
61.1803,Clinical Pathology Residency Program.,25-1071,"Health Specialties Teachers, Postsecondary"
61.1803,Clinical Pathology Residency Program.,29-1222,"Physicians, Pathologists"
61.1899,"Pathology Residency/Fellowship Programs, Other.",19-1042,"Medical Scientists, Except Epidemiologists"
61.1899,"Pathology Residency/Fellowship Programs, Other.",25-1071,"Health Specialties Teachers, Postsecondary"
61.1899,"Pathology Residency/Fellowship Programs, Other.",29-1222,"Physicians, Pathologists"
61.1999,"Pediatrics Residency/Fellowship Programs, Other.",19-1042,"Medical Scientists, Except Epidemiologists"
61.1999,"Pediatrics Residency/Fellowship Programs, Other.",25-1071,"Health Specialties Teachers, Postsecondary"
61.1999,"Pediatrics Residency/Fellowship Programs, Other.",29-1221,"Pediatricians, General"
61.2099,"Physical Medicine and Rehabilitation Residency/Fellowship Programs, Other.",19-1042,"Medical Scientists, Except Epidemiologists"
61.2099,"Physical Medicine and Rehabilitation Residency/Fellowship Programs, Other.",25-1071,"Health Specialties Teachers, Postsecondary"
61.2099,"Physical Medicine and Rehabilitation Residency/Fellowship Programs, Other.",29-1229,"Physicians, All Other"
61.2102,Integrated Plastic Surgery Residency Program.,25-1071,"Health Specialties Teachers, Postsecondary"
61.2102,Integrated Plastic Surgery Residency Program.,29-1243,Pediatric Surgeons
61.2102,Integrated Plastic Surgery Residency Program.,29-1249,"Surgeons, All Other"
61.2199,"Plastic Surgery Residency/Fellowship Programs, Other.",19-1042,"Medical Scientists, Except Epidemiologists"
61.2199,"Plastic Surgery Residency/Fellowship Programs, Other.",25-1071,"Health Specialties Teachers, Postsecondary"
61.2199,"Plastic Surgery Residency/Fellowship Programs, Other.",29-1243,Pediatric Surgeons
61.2199,"Plastic Surgery Residency/Fellowship Programs, Other.",29-1249,"Surgeons, All Other"
61.2201,Podiatric Medicine and Surgery Residency Program.,25-1071,"Health Specialties Teachers, Postsecondary"
61.2201,Podiatric Medicine and Surgery Residency Program.,29-1081,Podiatrists
61.2299,"Podiatric Medicine Residency/Fellowship Programs, Other.",19-1042,"Medical Scientists, Except Epidemiologists"
61.2299,"Podiatric Medicine Residency/Fellowship Programs, Other.",25-1071,"Health Specialties Teachers, Postsecondary"
61.2299,"Podiatric Medicine Residency/Fellowship Programs, Other.",29-1081,Podiatrists
61.2399,"Preventive Medicine Residency/Fellowship Programs, Other.",19-1042,"Medical Scientists, Except Epidemiologists"
61.2399,"Preventive Medicine Residency/Fellowship Programs, Other.",25-1071,"Health Specialties Teachers, Postsecondary"
61.2399,"Preventive Medicine Residency/Fellowship Programs, Other.",29-1229,"Physicians, All Other"
61.2499,"Psychiatry Residency/Fellowship Programs, Other.",19-1042,"Medical Scientists, Except Epidemiologists"
61.2499,"Psychiatry Residency/Fellowship Programs, Other.",25-1071,"Health Specialties Teachers, Postsecondary"
61.2499,"Psychiatry Residency/Fellowship Programs, Other.",29-1223,Psychiatrists
61.2599,"Radiation Oncology Residency/Fellowship Programs, Other.",19-1042,"Medical Scientists, Except Epidemiologists"
61.2599,"Radiation Oncology Residency/Fellowship Programs, Other.",25-1071,"Health Specialties Teachers, Postsecondary"
61.2599,"Radiation Oncology Residency/Fellowship Programs, Other.",29-1224,Radiologists
61.2599,"Radiation Oncology Residency/Fellowship Programs, Other.",29-1229,"Physicians, All Other"
61.2602,Integrated Interventional Radiology Residency Program.,25-1071,"Health Specialties Teachers, Postsecondary"
61.2602,Integrated Interventional Radiology Residency Program.,29-1224,Radiologists
61.2603,Abdominal Radiology Fellowship Program.,19-1042,"Medical Scientists, Except Epidemiologists"
61.2603,Abdominal Radiology Fellowship Program.,25-1071,"Health Specialties Teachers, Postsecondary"
61.2603,Abdominal Radiology Fellowship Program.,29-1224,Radiologists
61.2606,Musculoskeletal Radiology Fellowship Program.,19-1042,"Medical Scientists, Except Epidemiologists"
61.2606,Musculoskeletal Radiology Fellowship Program.,25-1071,"Health Specialties Teachers, Postsecondary"
61.2606,Musculoskeletal Radiology Fellowship Program.,29-1224,Radiologists
61.2699,"Radiology Residency/Fellowship Programs, Other.",19-1042,"Medical Scientists, Except Epidemiologists"
61.2699,"Radiology Residency/Fellowship Programs, Other.",25-1071,"Health Specialties Teachers, Postsecondary"
61.2699,"Radiology Residency/Fellowship Programs, Other.",29-1224,Radiologists
61.2703,Complex General Surgical Oncology Fellowship Program.,19-1042,"Medical Scientists, Except Epidemiologists"
61.2703,Complex General Surgical Oncology Fellowship Program.,25-1071,"Health Specialties Teachers, Postsecondary"
61.2703,Complex General Surgical Oncology Fellowship Program.,29-1249,"Surgeons, All Other"
61.2799,"Surgery Residency/Fellowship Programs, Other.",19-1042,"Medical Scientists, Except Epidemiologists"
61.2799,"Surgery Residency/Fellowship Programs, Other.",25-1071,"Health Specialties Teachers, Postsecondary"
61.2799,"Surgery Residency/Fellowship Programs, Other.",29-1249,"Surgeons, All Other"
61.2899,"Urology Residency/Fellowship Programs, Other.",19-1042,"Medical Scientists, Except Epidemiologists"
61.2899,"Urology Residency/Fellowship Programs, Other.",25-1071,"Health Specialties Teachers, Postsecondary"
61.2899,"Urology Residency/Fellowship Programs, Other.",29-1249,"Surgeons, All Other"
61.9999,"Medical Residency/Fellowship Programs, Other.",19-1042,"Medical Scientists, Except Epidemiologists"
61.9999,"Medical Residency/Fellowship Programs, Other.",25-1071,"Health Specialties Teachers, Postsecondary"
61.9999,"Medical Residency/Fellowship Programs, Other.",29-1229,"Physicians, All Other"
61.9999,"Medical Residency/Fellowship Programs, Other.",29-1249,"Surgeons, All Other"