SOC2018Code,SOC2018Title,CIP2020Code,CIP2020Title
11-2032,Public Relations Managers,09.0100,"Communication, General."
11-2032,Public Relations Managers,09.0101,Speech Communication and Rhetoric.
11-2032,Public Relations Managers,09.0102,Mass Communication/Media Studies.
11-2032,Public Relations Managers,09.0900,"Public Relations, Advertising, and Applied Communication."
11-2032,Public Relations Managers,09.0902,Public Relations/Image Management.
11-2032,Public Relations Managers,09.0904,Political Communication.
11-2032,Public Relations Managers,09.0907,International and Intercultural Communication.
11-2032,Public Relations Managers,52.0501,"Business/Corporate Communications, General."
11-2033,Fundraising Managers,09.0100,"Communication, General."
11-2033,Fundraising Managers,09.0900,"Public Relations, Advertising, and Applied Communication."
11-2033,Fundraising Managers,09.0902,Public Relations/Image Management.
11-2033,Fundraising Managers,52.0206,Non-Profit/Public/Organizational Management.
11-2033,Fundraising Managers,52.0213,Organizational Leadership.
11-2033,Fundraising Managers,52.1401,"Marketing/Marketing Management, General."
11-3012,Administrative Services Managers,51.0711,Medical/Health Management and Clinical Assistant/Specialist.
11-3012,Administrative Services Managers,52.0101,"Business/Commerce, General."
11-3012,Administrative Services Managers,52.0201,"Business Administration and Management, General."
11-3012,Administrative Services Managers,52.0202,"Purchasing, Procurement/Acquisitions and Contracts Management."
11-3012,Administrative Services Managers,52.0204,Office Management and Supervision.
11-3012,Administrative Services Managers,52.0207,Customer Service Management.
11-3013,Facilities Managers,15.1501,Engineering/Industrial Management.
11-3013,Facilities Managers,19.0604,Facilities Planning and Management.
11-3013,Facilities Managers,30.1201,"Historic Preservation and Conservation, General."
11-3013,Facilities Managers,30.1299,"Historic Preservation and Conservation, Other."
11-3013,Facilities Managers,31.0301,"Parks, Recreation, and Leisure Facilities Management, General."
11-3013,Facilities Managers,46.0401,Building/Property Maintenance.
11-3013,Facilities Managers,46.0412,Building/Construction Site Management/Manager.
11-3013,Facilities Managers,51.0702,Hospital and Health Care Facilities Administration/Management.
11-3013,Facilities Managers,52.0101,"Business/Commerce, General."
11-3013,Facilities Managers,52.0201,"Business Administration and Management, General."
11-3013,Facilities Managers,52.0202,"Purchasing, Procurement/Acquisitions and Contracts Management."
11-3013,Facilities Managers,52.0205,Operations Management and Supervision.
11-3013,Facilities Managers,52.0904,Hotel/Motel Administration/Management.
11-9072,"Entertainment and Recreation Managers, Except Gambling",03.0207,Environmental/Natural Resource Recreation and Tourism.
11-9072,"Entertainment and Recreation Managers, Except Gambling",31.0301,"Parks, Recreation, and Leisure Facilities Management, General."
11-9072,"Entertainment and Recreation Managers, Except Gambling",31.0302,Golf Course Operation and Grounds Management.
11-9072,"Entertainment and Recreation Managers, Except Gambling",31.0399,"Parks, Recreation, and Leisure Facilities Management, Other."
11-9072,"Entertainment and Recreation Managers, Except Gambling",31.0504,Sport and Fitness Administration/Management.
11-9072,"Entertainment and Recreation Managers, Except Gambling",52.0101,"Business/Commerce, General."
11-9072,"Entertainment and Recreation Managers, Except Gambling",52.0201,"Business Administration and Management, General."
11-9072,"Entertainment and Recreation Managers, Except Gambling",52.0901,"Hospitality Administration/Management, General."
11-9072,"Entertainment and Recreation Managers, Except Gambling",52.0906,Resort Management.
11-9179,"Personal Service Managers, All Other",12.0412,Salon/Beauty Salon Management/Manager.
11-9179,"Personal Service Managers, All Other",52.0101,"Business/Commerce, General."
11-9179,"Personal Service Managers, All Other",52.0201,"Business Administration and Management, General."
11-9179,"Personal Service Managers, All Other",52.0212,Retail Management.
11-9179,"Personal Service Managers, All Other",52.0703,Small Business Administration/Management.
11-9179,"Personal Service Managers, All Other",52.0901,"Hospitality Administration/Management, General."
11-9179,"Personal Service Managers, All Other",52.0903,Tourism and Travel Services Management.
13-1082,Project Management Specialists,11.1005,Information Technology Project Management.
13-1082,Project Management Specialists,52.0101,"Business/Commerce, General."
13-1082,Project Management Specialists,52.0201,"Business Administration and Management, General."
13-1082,Project Management Specialists,52.0211,Project Management.
13-2022,Appraisers of Personal and Business Property,50.0703,"Art History, Criticism and Conservation."
13-2022,Appraisers of Personal and Business Property,52.0101,"Business/Commerce, General."
13-2022,Appraisers of Personal and Business Property,52.0301,Accounting.
13-2022,Appraisers of Personal and Business Property,52.0304,Accounting and Finance.
13-2022,Appraisers of Personal and Business Property,52.0305,Accounting and Business/Management.
13-2022,Appraisers of Personal and Business Property,52.0801,"Finance, General."
13-2022,Appraisers of Personal and Business Property,52.1501,Real Estate.
13-2022,Appraisers of Personal and Business Property,52.1601,Taxation.
13-2022,Appraisers of Personal and Business Property,52.1701,Insurance.
13-2023,Appraisers and Assessors of Real Estate,04.1001,Real Estate Development.
13-2023,Appraisers and Assessors of Real Estate,52.1501,Real Estate.
13-2054,Financial Risk Specialists,27.0305,Financial Mathematics.
13-2054,Financial Risk Specialists,52.0301,Accounting.
13-2054,Financial Risk Specialists,52.0304,Accounting and Finance.
13-2054,Financial Risk Specialists,52.0305,Accounting and Business/Management.
13-2054,Financial Risk Specialists,52.0601,Business/Managerial Economics.
13-2054,Financial Risk Specialists,52.0801,"Finance, General."
13-2054,Financial Risk Specialists,52.0806,International Finance.
13-2054,Financial Risk Specialists,52.0807,Investments and Securities.
13-2054,Financial Risk Specialists,52.0808,Public Finance.
13-2054,Financial Risk Specialists,52.1304,Actuarial Science.
15-1243,Database Architects,11.0101,"Computer and Information Sciences, General."
15-1243,Database Architects,11.0103,Information Technology.
15-1243,Database Architects,11.0401,Information Science/Studies.
15-1243,Database Architects,11.0501,Computer Systems Analysis/Analyst.
15-1243,Database Architects,11.0701,Computer Science.
15-1243,Database Architects,11.0802,Data Modeling/Warehousing and Database Administration.
15-1243,Database Architects,11.1003,Computer and Information Systems Security/Auditing/Information Assurance.
15-1243,Database Architects,14.0901,"Computer Engineering, General."
15-1243,Database Architects,14.0903,Computer Software Engineering.
15-1243,Database Architects,14.2701,Systems Engineering.
15-1243,Database Architects,52.1201,"Management Information Systems, General."
15-1252,Software Developers,11.0102,Artificial Intelligence.
15-1252,Software Developers,11.0103,Information Technology.
15-1252,Software Developers,11.0104,Informatics.
15-1252,Software Developers,11.0201,"Computer Programming/Programmer, General."
15-1252,Software Developers,11.0202,"Computer Programming, Specific Applications."
15-1252,Software Developers,11.0203,"Computer Programming, Vendor/Product Certification."
15-1252,Software Developers,11.0401,Information Science/Studies.
15-1252,Software Developers,11.0701,Computer Science.
15-1252,Software Developers,11.0804,"Modeling, Virtual Environments and Simulation."
15-1252,Software Developers,14.0901,"Computer Engineering, General."
15-1252,Software Developers,14.0903,Computer Software Engineering.
15-1252,Software Developers,15.1204,Computer Software Technology/Technician.
15-1252,Software Developers,30.0801,Mathematics and Computer Science.
15-1252,Software Developers,30.1601,Accounting and Computer Science.
15-1253,Software Quality Assurance Analysts and Testers,11.0101,"Computer and Information Sciences, General."
15-1253,Software Quality Assurance Analysts and Testers,11.0103,Information Technology.
15-1253,Software Quality Assurance Analysts and Testers,11.0104,Informatics.
15-1253,Software Quality Assurance Analysts and Testers,11.0201,"Computer Programming/Programmer, General."
15-1253,Software Quality Assurance Analysts and Testers,11.0202,"Computer Programming, Specific Applications."
15-1253,Software Quality Assurance Analysts and Testers,11.0203,"Computer Programming, Vendor/Product Certification."
15-1253,Software Quality Assurance Analysts and Testers,11.0501,Computer Systems Analysis/Analyst.
15-1253,Software Quality Assurance Analysts and Testers,11.0701,Computer Science.
15-1253,Software Quality Assurance Analysts and Testers,14.0901,"Computer Engineering, General."
15-1253,Software Quality Assurance Analysts and Testers,14.0903,Computer Software Engineering.
15-1253,Software Quality Assurance Analysts and Testers,15.1201,Computer Engineering Technology/Technician.
15-1253,Software Quality Assurance Analysts and Testers,15.1202,Computer/Computer Systems Technology/Technician.
15-1253,Software Quality Assurance Analysts and Testers,15.1204,Computer Software Technology/Technician.
15-1255,Web and Digital Interface Designers,09.0702,Digital Communication and Media/Multimedia.
15-1255,Web and Digital Interface Designers,11.0101,"Computer and Information Sciences, General."
15-1255,Web and Digital Interface Designers,11.0104,Informatics.
15-1255,Web and Digital Interface Designers,11.0201,"Computer Programming/Programmer, General."
15-1255,Web and Digital Interface Designers,11.0401,Information Science/Studies.
15-1255,Web and Digital Interface Designers,11.0701,Computer Science.
15-1255,Web and Digital Interface Designers,11.0801,"Web Page, Digital/Multimedia and Information Resources Design."
15-1255,Web and Digital Interface Designers,11.1004,Web/Multimedia Management and Webmaster.
15-1255,Web and Digital Interface Designers,30.3101,Human Computer Interaction.
15-1255,Web and Digital Interface Designers,50.0401,"Design and Visual Communications, General."
15-1255,Web and Digital Interface Designers,50.0409,Graphic Design.
15-2051,Data Scientists,11.0102,Artificial Intelligence.
15-2051,Data Scientists,11.0103,Information Technology.
15-2051,Data Scientists,11.0701,Computer Science.
15-2051,Data Scientists,11.0802,Data Modeling/Warehousing and Database Administration.
15-2051,Data Scientists,11.0804,"Modeling, Virtual Environments and Simulation."
15-2051,Data Scientists,26.1103,Bioinformatics.
15-2051,Data Scientists,26.1104,Computational Biology.
15-2051,Data Scientists,26.1199,"Biomathematics, Bioinformatics, and Computational Biology, Other."
15-2051,Data Scientists,27.0101,"Mathematics, General."
15-2051,Data Scientists,27.0301,"Applied Mathematics, General."
15-2051,Data Scientists,27.0303,Computational Mathematics.
15-2051,Data Scientists,27.0304,Computational and Applied Mathematics.
15-2051,Data Scientists,27.0305,Financial Mathematics.
15-2051,Data Scientists,27.0306,Mathematical Biology.
15-2051,Data Scientists,27.0399,"Applied Mathematics, Other."
15-2051,Data Scientists,27.0501,"Statistics, General."
15-2051,Data Scientists,27.0502,Mathematical Statistics and Probability.
15-2051,Data Scientists,27.0503,Mathematics and Statistics.
15-2051,Data Scientists,27.9999,"Mathematics and Statistics, Other."
15-2051,Data Scientists,30.0801,Mathematics and Computer Science.
15-2051,Data Scientists,30.3001,Computational Science.
15-2051,Data Scientists,45.0603,Econometrics and Quantitative Economics.
15-2051,Data Scientists,52.1301,Management Science.
15-2051,Data Scientists,52.1302,Business Statistics.
17-3028,Calibration Technologists and Technicians,15.0303,"Electrical, Electronic, and Communications Engineering Technology/Technician."
17-3028,Calibration Technologists and Technicians,15.0401,Biomedical Technology/Technician.
17-3028,Calibration Technologists and Technicians,15.0404,Instrumentation Technology/Technician.
19-3033,Clinical and Counseling Psychologists,42.0101,"Psychology, General."
19-3033,Clinical and Counseling Psychologists,42.2703,Developmental and Child Psychology.
19-3033,Clinical and Counseling Psychologists,42.2801,Clinical Psychology.
19-3033,Clinical and Counseling Psychologists,42.2803,Counseling Psychology.
19-3033,Clinical and Counseling Psychologists,42.2807,Clinical Child Psychology.
19-3033,Clinical and Counseling Psychologists,42.2809,Geropsychology.
19-3033,Clinical and Counseling Psychologists,42.2810,Health/Medical Psychology.
19-3033,Clinical and Counseling Psychologists,42.2811,Family Psychology.
19-3033,Clinical and Counseling Psychologists,42.2814,Applied Behavior Analysis.
19-3033,Clinical and Counseling Psychologists,51.1507,Psychoanalysis and Psychotherapy.
19-3034,School Psychologists,42.2805,School Psychology.
19-3034,School Psychologists,42.2806,Educational Psychology.
19-4012,Agricultural Technicians,01.0000,"Agriculture, General."
19-4012,Agricultural Technicians,01.0901,"Animal Sciences, General."
19-4012,Agricultural Technicians,01.0905,Dairy Science.
19-4012,Agricultural Technicians,01.0907,Poultry Science.
19-4012,Agricultural Technicians,01.1101,"Plant Sciences, General."
19-4012,Agricultural Technicians,01.1102,Agronomy and Crop Science.
19-4012,Agricultural Technicians,01.1201,"Soil Science and Agronomy, General."
19-4012,Agricultural Technicians,26.0101,"Biology/Biological Sciences, General."
19-4013,Food Science Technicians,01.0401,Agricultural and Food Products Processing.
19-4013,Food Science Technicians,01.1001,Food Science.
19-4013,Food Science Technicians,01.1002,Food Technology and Processing.
19-4013,Food Science Technicians,01.1099,"Food Science and Technology, Other."
19-4013,Food Science Technicians,26.0101,"Biology/Biological Sciences, General."
19-4013,Food Science Technicians,26.0202,Biochemistry.
19-4013,Food Science Technicians,26.0502,"Microbiology, General."
19-4013,Food Science Technicians,40.0501,"Chemistry, General."
19-4044,Hydrologic Technicians,40.0605,Hydrology and Water Resources Science.
19-4044,Hydrologic Technicians,41.0000,"Science Technologies/Technicians, General."
19-4044,Hydrologic Technicians,41.0399,"Physical Science Technologies/Technicians, Other."
19-4044,Hydrologic Technicians,41.9999,"Science Technologies/Technicians, Other."
19-5011,Occupational Health and Safety Specialists,15.0701,Occupational Safety and Health Technology/Technician.
19-5011,Occupational Health and Safety Specialists,15.0703,Industrial Safety Technology/Technician.
19-5011,Occupational Health and Safety Specialists,26.1006,Environmental Toxicology.
19-5011,Occupational Health and Safety Specialists,51.2202,Environmental Health.
19-5011,Occupational Health and Safety Specialists,51.2206,Occupational Health and Industrial Hygiene.
19-5012,Occupational Health and Safety Technicians,26.1006,Environmental Toxicology.
19-5012,Occupational Health and Safety Technicians,51.0916,Radiation Protection/Health Physics Technician.
19-5012,Occupational Health and Safety Technicians,51.2202,Environmental Health.
19-5012,Occupational Health and Safety Technicians,51.2206,Occupational Health and Industrial Hygiene.
25-2055,"Special Education Teachers, Kindergarten",13.1001,"Special Education and Teaching, General."
25-2055,"Special Education Teachers, Kindergarten",13.1003,Education/Teaching of Individuals with Hearing Impairments Including Deafness.
25-2055,"Special Education Teachers, Kindergarten",13.1005,Education/Teaching of Individuals with Emotional Disturbances.
25-2055,"Special Education Teachers, Kindergarten",13.1006,Education/Teaching of Individuals with Intellectual Disabilities.
25-2055,"Special Education Teachers, Kindergarten",13.1007,Education/Teaching of Individuals with Multiple Disabilities.
25-2055,"Special Education Teachers, Kindergarten",13.1008,Education/Teaching of Individuals with Orthopedic and Other Physical Health Impairments.
25-2055,"Special Education Teachers, Kindergarten",13.1009,Education/Teaching of Individuals with Vision Impairments Including Blindness.
25-2055,"Special Education Teachers, Kindergarten",13.1011,Education/Teaching of Individuals with Specific Learning Disabilities.
25-2055,"Special Education Teachers, Kindergarten",13.1012,Education/Teaching of Individuals with Speech or Language Impairments.
25-2055,"Special Education Teachers, Kindergarten",13.1013,Education/Teaching of Individuals with Autism.
25-2055,"Special Education Teachers, Kindergarten",13.1014,Education/Teaching of Individuals Who are Developmentally Delayed.
25-2055,"Special Education Teachers, Kindergarten",13.1016,Education/Teaching of Individuals with Traumatic Brain Injuries.
25-2055,"Special Education Teachers, Kindergarten",13.1017,Education/Teaching of Individuals in Elementary Special Education Programs.
25-2056,"Special Education Teachers, Elementary School",13.1001,"Special Education and Teaching, General."
25-2056,"Special Education Teachers, Elementary School",13.1003,Education/Teaching of Individuals with Hearing Impairments Including Deafness.
25-2056,"Special Education Teachers, Elementary School",13.1005,Education/Teaching of Individuals with Emotional Disturbances.
25-2056,"Special Education Teachers, Elementary School",13.1006,Education/Teaching of Individuals with Intellectual Disabilities.
25-2056,"Special Education Teachers, Elementary School",13.1007,Education/Teaching of Individuals with Multiple Disabilities.
25-2056,"Special Education Teachers, Elementary School",13.1008,Education/Teaching of Individuals with Orthopedic and Other Physical Health Impairments.
25-2056,"Special Education Teachers, Elementary School",13.1009,Education/Teaching of Individuals with Vision Impairments Including Blindness.
25-2056,"Special Education Teachers, Elementary School",13.1011,Education/Teaching of Individuals with Specific Learning Disabilities.
25-2056,"Special Education Teachers, Elementary School",13.1012,Education/Teaching of Individuals with Speech or Language Impairments.
25-2056,"Special Education Teachers, Elementary School",13.1013,Education/Teaching of Individuals with Autism.
25-2056,"Special Education Teachers, Elementary School",13.1014,Education/Teaching of Individuals Who are Developmentally Delayed.
25-2056,"Special Education Teachers, Elementary School",13.1016,Education/Teaching of Individuals with Traumatic Brain Injuries.
25-2056,"Special Education Teachers, Elementary School",13.1017,Education/Teaching of Individuals in Elementary Special Education Programs.
25-3031,"Substitute Teachers, Short-Term",99.9999,NO MATCH
25-3041,Tutors,99.9999,NO MATCH
25-4022,Librarians and Media Collections Specialists,13.0501,Educational/Instructional Technology.
25-4022,Librarians and Media Collections Specialists,13.1334,School Librarian/School Library Media Specialist.
25-4022,Librarians and Media Collections Specialists,25.0101,Library and Information Science.
25-4022,Librarians and Media Collections Specialists,25.0102,Children and Youth Library Services.
25-4022,Librarians and Media Collections Specialists,25.0199,"Library Science and Administration, Other."
25-9042,"Teaching Assistants, Preschool, Elementary, Middle, and Secondary School, Except Special Education",13.0101,"Education, General."
25-9042,"Teaching Assistants, Preschool, Elementary, Middle, and Secondary School, Except Special Education",13.1210,Early Childhood Education and Teaching.
25-9042,"Teaching Assistants, Preschool, Elementary, Middle, and Secondary School, Except Special Education",13.1501,Teacher Assistant/Aide.
25-9042,"Teaching Assistants, Preschool, Elementary, Middle, and Secondary School, Except Special Education",13.1599,"Teaching Assistants/Aides, Other."
25-9042,"Teaching Assistants, Preschool, Elementary, Middle, and Secondary School, Except Special Education",19.0706,Child Development.
25-9043,"Teaching Assistants, Special Education",13.0101,"Education, General."
25-9043,"Teaching Assistants, Special Education",13.1001,"Special Education and Teaching, General."
25-9043,"Teaching Assistants, Special Education",13.1210,Early Childhood Education and Teaching.
25-9043,"Teaching Assistants, Special Education",13.1501,Teacher Assistant/Aide.
25-9043,"Teaching Assistants, Special Education",13.1599,"Teaching Assistants/Aides, Other."
25-9043,"Teaching Assistants, Special Education",19.0706,Child Development.
25-9043,"Teaching Assistants, Special Education",42.2814,Applied Behavior Analysis.
25-9049,"Teaching Assistants, All Other",13.1501,Teacher Assistant/Aide.
25-9049,"Teaching Assistants, All Other",13.1502,Adult Literacy Tutor/Instructor.
25-9049,"Teaching Assistants, All Other",13.1599,"Teaching Assistants/Aides, Other."
27-2091,"Disc Jockeys, Except Radio",10.0203,Recording Arts Technology/Technician.
27-2091,"Disc Jockeys, Except Radio",50.0913,Music Technology.
27-3023,"News Analysts, Reporters, and Journalists",01.0802,Agricultural Communication/Journalism.
27-3023,"News Analysts, Reporters, and Journalists",09.0100,"Communication, General."
27-3023,"News Analysts, Reporters, and Journalists",09.0102,Mass Communication/Media Studies.
27-3023,"News Analysts, Reporters, and Journalists",09.0401,Journalism.
27-3023,"News Analysts, Reporters, and Journalists",09.0402,Broadcast Journalism.
27-3023,"News Analysts, Reporters, and Journalists",09.0404,Photojournalism.
27-3023,"News Analysts, Reporters, and Journalists",09.0499,"Journalism, Other."
27-3023,"News Analysts, Reporters, and Journalists",09.0701,Radio and Television.
27-3023,"News Analysts, Reporters, and Journalists",09.0904,Political Communication.
27-3023,"News Analysts, Reporters, and Journalists",09.0906,Sports Communication.
27-3023,"News Analysts, Reporters, and Journalists",09.0907,International and Intercultural Communication.
27-3092,Court Reporters and Simultaneous Captioners,22.0303,Court Reporting and Captioning/Court Reporter.
27-4015,Lighting Technicians,10.0201,Photographic and Film/Video Technology/Technician.
27-4015,Lighting Technicians,10.0202,Radio and Television Broadcasting Technology/Technician.
29-1212,Cardiologists,51.1201,Medicine.
29-1212,Cardiologists,51.1202,Osteopathic Medicine/Osteopathy.
29-1212,Cardiologists,61.0804,Cardiovascular Disease Fellowship Program.
29-1212,Cardiologists,61.0805,Clinical Cardiac Electrophysiology Fellowship Program.
29-1212,Cardiologists,61.0811,Interventional Cardiology Fellowship Program.
29-1212,Cardiologists,61.1906,Pediatric Cardiology Fellowship Program.
29-1213,Dermatologists,51.1201,Medicine.
29-1213,Dermatologists,51.1202,Osteopathic Medicine/Osteopathy.
29-1213,Dermatologists,61.0501,Dermatology Residency Program.
29-1213,Dermatologists,61.0502,Dermatopathology Fellowship Program.
29-1213,Dermatologists,61.0503,Pediatric Dermatology Fellowship Program.
29-1214,Emergency Medicine Physicians,51.1201,Medicine.
29-1214,Emergency Medicine Physicians,51.1202,Osteopathic Medicine/Osteopathy.
29-1214,Emergency Medicine Physicians,61.0202,Critical Care Medicine Fellowship Program.
29-1214,Emergency Medicine Physicians,61.0601,Emergency Medicine Residency Program.
29-1214,Emergency Medicine Physicians,61.1907,Pediatric Critical Care Medicine Fellowship Program.
29-1214,Emergency Medicine Physicians,61.1908,Pediatric Emergency Medicine Fellowship Program.
29-1217,Neurologists,51.1201,Medicine.
29-1217,Neurologists,51.1202,Osteopathic Medicine/Osteopathy.
29-1217,Neurologists,61.1101,Neurology Residency Program.
29-1217,Neurologists,61.1102,Child Neurology Residency Program.
29-1217,Neurologists,61.1103,Clinical Neurophysiology Fellowship Program.
29-1217,Neurologists,61.1106,Neurodevelopmental Disabilities Fellowship Program.
29-1217,Neurologists,61.1107,Vascular Neurology Fellowship Program.
29-1222,"Physicians, Pathologists",51.1201,Medicine.
29-1222,"Physicians, Pathologists",51.1202,Osteopathic Medicine/Osteopathy.
29-1222,"Physicians, Pathologists",61.0208,Medical Toxicology Fellowship Program.
29-1222,"Physicians, Pathologists",61.0502,Dermatopathology Fellowship Program.
29-1222,"Physicians, Pathologists",61.1801,Combined Anatomic and Clinical Pathology Residency Program.
29-1222,"Physicians, Pathologists",61.1804,Blood Banking/Transfusion Medicine Fellowship Program.
29-1222,"Physicians, Pathologists",61.1805,Chemical Pathology Fellowship Program.
29-1222,"Physicians, Pathologists",61.1806,Cytopathology Fellowship Program.
29-1222,"Physicians, Pathologists",61.1807,Forensic Pathology Fellowship Program.
29-1222,"Physicians, Pathologists",61.1808,Hematological Pathology Fellowship Program.
29-1222,"Physicians, Pathologists",61.1809,Immunopathology Fellowship Program.
29-1222,"Physicians, Pathologists",61.1810,Laboratory Medicine Fellowship Program.
29-1222,"Physicians, Pathologists",61.1811,Medical Microbiology Fellowship Program.
29-1222,"Physicians, Pathologists",61.1812,Molecular Genetic Pathology Fellowship Program.
29-1222,"Physicians, Pathologists",61.1813,Neuropathology Fellowship Program.
29-1222,"Physicians, Pathologists",61.1814,Pediatric Pathology Fellowship Program.
29-1222,"Physicians, Pathologists",61.1815,Radioisotopic Pathology Fellowship Program.
29-1224,Radiologists,51.1201,Medicine.
29-1224,Radiologists,51.1202,Osteopathic Medicine/Osteopathy.
29-1224,Radiologists,61.1201,Nuclear Medicine Residency Program.
29-1224,Radiologists,61.2501,Radiation Oncology Residency Program.
29-1224,Radiologists,61.2601,Diagnostic Radiology Residency Program.
29-1224,Radiologists,61.2604,Diagnostic Radiologic Physics Residency Program.
29-1224,Radiologists,61.2605,Medical Nuclear Physics Residency Program.
29-1224,Radiologists,61.2607,Neuroradiology Fellowship Program.
29-1224,Radiologists,61.2608,Nuclear Radiology Fellowship Program.
29-1224,Radiologists,61.2609,Pediatric Radiology Fellowship Program.
29-1224,Radiologists,61.2610,Radiologic Physics Residency Program.
29-1224,Radiologists,61.2611,Therapeutic Radiologic Physics Residency Program.
29-1224,Radiologists,61.2612,Vascular and Interventional Radiology Fellowship Program.
29-1229,"Physicians, All Other",51.1201,Medicine.
29-1229,"Physicians, All Other",51.1202,Osteopathic Medicine/Osteopathy.
29-1229,"Physicians, All Other",61.0203,Geriatric Medicine Fellowship Program.
29-1229,"Physicians, All Other",61.0205,Hospice and Palliative Medicine Fellowship Program.
29-1229,"Physicians, All Other",61.0208,Medical Toxicology Fellowship Program.
29-1229,"Physicians, All Other",61.0209,Neuromuscular Medicine Fellowship Program.
29-1229,"Physicians, All Other",61.0210,Pain Medicine Fellowship Program.
29-1229,"Physicians, All Other",61.0212,Sleep Medicine Fellowship Program.
29-1229,"Physicians, All Other",61.0213,Sports Medicine Fellowship Program.
29-1229,"Physicians, All Other",61.0216,Undersea and Hyperbaric Medicine Fellowship Program.
29-1229,"Physicians, All Other",61.0301,Allergy and Immunology Fellowship Program.
29-1229,"Physicians, All Other",61.0806,"Endocrinology, Diabetes, and Metabolism Fellowship Program."
29-1229,"Physicians, All Other",61.0807,Gastroenterology Fellowship Program.
29-1229,"Physicians, All Other",61.0808,Hematology Fellowship Program.
29-1229,"Physicians, All Other",61.0810,Infectious Disease Fellowship Program.
29-1229,"Physicians, All Other",61.0812,Nephrology Fellowship Program.
29-1229,"Physicians, All Other",61.0813,Medical Oncology Fellowship Program.
29-1229,"Physicians, All Other",61.0814,Pulmonary Disease Fellowship Program.
29-1229,"Physicians, All Other",61.0816,Rheumatology Fellowship Program.
29-1229,"Physicians, All Other",61.0818,Transplant Hepatology Fellowship Program.
29-1229,"Physicians, All Other",61.0901,Clinical Biochemical Genetics Residency Program.
29-1229,"Physicians, All Other",61.0902,Clinical Genetics and Genomics Residency Program.
29-1229,"Physicians, All Other",61.0904,Medical Biochemical Genetics Residency Program.
29-1229,"Physicians, All Other",61.1304,Reproductive Endocrinology/Infertility Fellowship Program.
29-1229,"Physicians, All Other",61.1502,Musculoskeletal Oncology Fellowship Program.
29-1229,"Physicians, All Other",61.1503,Orthopedic Sports Medicine Fellowship Program.
29-1229,"Physicians, All Other",61.1701,Otolaryngology Residency Program.
29-1229,"Physicians, All Other",61.1702,Neurotology Fellowship Program.
29-1229,"Physicians, All Other",61.1804,Blood Banking/Transfusion Medicine Fellowship Program.
29-1229,"Physicians, All Other",61.1902,Adolescent Medicine Fellowship Program.
29-1229,"Physicians, All Other",61.2001,Physical Medicine and Rehabilitation Residency Program.
29-1229,"Physicians, All Other",61.2002,Spinal Cord Injury Medicine Fellowship Program.
29-1229,"Physicians, All Other",61.2301,Public Health and General Preventive Medicine Residency Program.
29-1229,"Physicians, All Other",61.2302,Aerospace Medicine Residency Program.
29-1229,"Physicians, All Other",61.2303,Occupational Medicine Residency Program.
29-1229,"Physicians, All Other",61.2501,Radiation Oncology Residency Program.
29-1241,"Ophthalmologists, Except Pediatric",51.1201,Medicine.
29-1241,"Ophthalmologists, Except Pediatric",51.1202,Osteopathic Medicine/Osteopathy.
29-1241,"Ophthalmologists, Except Pediatric",61.1401,Ophthalmology Residency Program.
29-1242,"Orthopedic Surgeons, Except Pediatric",51.1201,Medicine.
29-1242,"Orthopedic Surgeons, Except Pediatric",51.1202,Osteopathic Medicine/Osteopathy.
29-1242,"Orthopedic Surgeons, Except Pediatric",61.0214,Surgery of the Hand Fellowship Program.
29-1242,"Orthopedic Surgeons, Except Pediatric",61.1501,Orthopedic Surgery Residency Program.
29-1242,"Orthopedic Surgeons, Except Pediatric",61.1504,Orthopedic Surgery of the Spine Fellowship Program.
29-1243,Pediatric Surgeons,51.1201,Medicine.
29-1243,Pediatric Surgeons,51.1202,Osteopathic Medicine/Osteopathy.
29-1243,Pediatric Surgeons,61.1501,Orthopedic Surgery Residency Program.
29-1243,Pediatric Surgeons,61.1504,Orthopedic Surgery of the Spine Fellowship Program.
29-1243,Pediatric Surgeons,61.1505,Pediatric Orthopedics Fellowship Program.
29-1243,Pediatric Surgeons,61.1703,Pediatric Otolaryngology Fellowship Program.
29-1243,Pediatric Surgeons,61.2101,Plastic Surgery Residency Program.
29-1243,Pediatric Surgeons,61.2103,Plastic Surgery Within the Head and Neck Fellowship Program.
29-1243,Pediatric Surgeons,61.2704,Congenital Cardiac Surgery Fellowship Program.
29-1243,Pediatric Surgeons,61.2705,Pediatric Surgery Fellowship Program.
29-1243,Pediatric Surgeons,61.2802,Pediatric Urology Fellowship Program.
29-1249,"Surgeons, All Other",51.1201,Medicine.
29-1249,"Surgeons, All Other",51.1202,Osteopathic Medicine/Osteopathy.
29-1249,"Surgeons, All Other",61.1001,Neurological Surgery Residency Program.
29-1249,"Surgeons, All Other",61.1701,Otolaryngology Residency Program.
29-1249,"Surgeons, All Other",61.1702,Neurotology Fellowship Program.
29-1249,"Surgeons, All Other",61.2101,Plastic Surgery Residency Program.
29-1249,"Surgeons, All Other",61.2103,Plastic Surgery Within the Head and Neck Fellowship Program.
29-1249,"Surgeons, All Other",61.2701,General Surgery Residency Program.
29-1249,"Surgeons, All Other",61.2702,Colon and Rectal Surgery Residency Program.
29-1249,"Surgeons, All Other",61.2704,Congenital Cardiac Surgery Fellowship Program.
29-1249,"Surgeons, All Other",61.2706,Surgical Critical Care Fellowship Program.
29-1249,"Surgeons, All Other",61.2707,Thoracic Surgery Fellowship Program.
29-1249,"Surgeons, All Other",61.2708,Vascular Surgery Fellowship Program.
29-1249,"Surgeons, All Other",61.2801,Urology Residency Program.
29-1291,Acupuncturists,51.3301,Acupuncture and Oriental Medicine.
29-2036,Medical Dosimetrists,51.0907,Medical Radiologic Technology/Science - Radiation Therapist.
29-2042,Emergency Medical Technicians,51.0904,Emergency Medical Technology/Technician (EMT Paramedic).
29-2043,Paramedics,51.0904,Emergency Medical Technology/Technician (EMT Paramedic).
29-9021,Health Information Technologists and Medical Registrars,51.0706,Health Information/Medical Records Administration/Administrator.
29-9021,Health Information Technologists and Medical Registrars,51.0707,Health Information/Medical Records Technology/Technician.
29-9021,Health Information Technologists and Medical Registrars,51.0713,Medical Insurance Coding Specialist/Coder.
29-9021,Health Information Technologists and Medical Registrars,51.2706,Medical Informatics.
29-9093,Surgical Assistants,51.0909,Surgical Technology/Technologist.
31-1122,Personal Care Aides,51.2602,Home Health Aide/Home Attendant.
33-1091,First-Line Supervisors of Security Workers,43.0109,Security and Loss Prevention Services.
33-1091,First-Line Supervisors of Security Workers,43.0112,Securities Services Administration/Management.
33-1091,First-Line Supervisors of Security Workers,43.0399,"Homeland Security, Other."
33-9094,School Bus Monitors,99.9999,NO MATCH
35-3023,Fast Food and Counter Workers,99.9999,NO MATCH
39-1013,First-Line Supervisors of Gambling Services Workers,52.0908,Casino Management.
39-1014,"First-Line Supervisors of Entertainment and Recreation Workers, Except Gambling Services",31.0601,Outdoor Education.
39-4012,Crematory Operators,12.0303,Mortuary Science and Embalming/Embalmer.
39-4012,Crematory Operators,12.0399,"Funeral Service and Mortuary Science, Other."
41-3091,"Sales Representatives of Services, Except Advertising, Insurance, Financial Services, and Travel",52.1803,Retailing and Retail Operations.
41-3091,"Sales Representatives of Services, Except Advertising, Insurance, Financial Services, and Travel",52.1804,Selling Skills and Sales Operations.
45-3031,Fishing and Hunting Workers,03.0301,Fishing and Fisheries Sciences and Management.
47-5022,"Excavating and Loading Machine and Dragline Operators, Surface Mining",49.0202,Construction/Heavy Equipment/Earthmoving Equipment Operation.
47-5044,"Loading and Moving Machine Operators, Underground Mining",99.9999,NO MATCH
51-9124,"Coating, Painting, and Spraying Machine Setters, Operators, and Tenders",47.0603,Autobody/Collision and Repair Technology/Technician.
51-9161,Computer Numerically Controlled Tool Operators,48.0503,Machine Shop Technology/Assistant.
51-9161,Computer Numerically Controlled Tool Operators,48.0510,Computer Numerically Controlled (CNC) Machinist Technology/CNC Machinist.
51-9162,Computer Numerically Controlled Tool Programmers,48.0510,Computer Numerically Controlled (CNC) Machinist Technology/CNC Machinist.
53-1043,First-Line Supervisors of Material-Moving Machine and Vehicle Operators,49.0208,Railroad and Railway Transportation.
53-1044,First-Line Supervisors of Passenger Attendants,49.0106,Airline Flight Attendant.
53-1049,"First-Line Supervisors of Transportation Workers, All Other",49.0208,Railroad and Railway Transportation.
53-3051,"Bus Drivers, School",49.0205,Truck and Bus Driver/Commercial Vehicle Operator and Instructor.
53-3053,Shuttle Drivers and Chauffeurs,49.0205,Truck and Bus Driver/Commercial Vehicle Operator and Instructor.
53-3054,Taxi Drivers,99.9999,NO MATCH
53-4022,"Railroad Brake, Signal, and Switch Operators and Locomotive Firers",49.0208,Railroad and Railway Transportation.
53-6032,Aircraft Service Attendants,99.9999,NO MATCH
53-7065,Stockers and Order Fillers,99.9999,NO MATCH