Period: May 2025,,,,,,,,,,,,,,,,,
,,,,,,,,,,,,,,,,,
Area,Industry,Occupation,Employment (1),Employment percent relative standard error (3),Hourly mean wage,Annual mean wage (2),Wage percent relative standard error (3),Hourly 10th percentile wage,Hourly 25th percentile wage,Hourly median wage,Hourly 75th percentile wage,Hourly 90th percentile wage,Annual 10th percentile wage (2),Annual 25th percentile wage (2),Annual median wage (2),Annual 75th percentile wage (2),Annual 90th percentile wage (2)
National,"Cross-Industry, Private, Federal, State, and Local (000000)",All Occupations (00-0000),"155,495,730",0.0,$33.54,"$69,770",0.1,$15.00,$18.07,$24.51,$38.71,$61.81,"$31,200","$37,590","$50,980","$80,520","$128,560"
National,"Cross-industry, Private Ownership only (000001)",All Occupations (00-0000),"132,782,040",0.0,$33.14,"$68,930",0.1,$14.75,$17.81,$23.55,$38.03,$62.03,"$30,670","$37,030","$48,990","$79,110","$129,020"
National,"Sector 11 - Agriculture, Forestry, Fishing and Hunting (11--12)",All Occupations (00-0000),"413,350",0.0,$21.44,"$44,590",0.4,$16.29,$16.65,$17.66,$22.32,$30.46,"$33,880","$34,630","$36,740","$46,420","$63,350"
National,Forestry and Logging (113000),All Occupations (00-0000),"41,620",0.1,$27.26,"$56,690",0.8,$16.67,$21.29,$25.31,$30.70,$38.00,"$34,670","$44,290","$52,640","$63,850","$79,040"
National,Logging (113300),All Occupations (00-0000),"41,620",0.1,$27.26,"$56,690",0.8,$16.67,$21.29,$25.31,$30.70,$38.00,"$34,670","$44,290","$52,640","$63,850","$79,040"
National,Support Activities for Agriculture and Forestry (115000),All Occupations (00-0000),"371,730",0.0,$20.78,"$43,230",0.4,$16.26,$16.60,$17.42,$21.17,$28.75,"$33,820","$34,540","$36,230","$44,040","$59,800"
National,Support Activities for Crop Production (115100),All Occupations (00-0000),"338,820",0.0,$20.55,"$42,750",0.5,$16.50,$16.60,$17.36,$20.69,$28.10,"$34,320","$34,540","$36,110","$43,040","$58,450"
National,Support Activities for Animal Production (115200),All Occupations (00-0000),"32,910",0.1,$23.18,"$48,210",1.2,$13.77,$16.40,$19.32,$25.18,$36.12,"$28,650","$34,110","$40,190","$52,370","$75,140"
National,"Sector 21 - Mining, Quarrying, and Oil and Gas Extraction (21--22)",All Occupations (00-0000),"570,220",0.0,$39.65,"$82,470",0.6,$19.72,$23.96,$30.80,$45.38,$66.79,"$41,010","$49,850","$64,060","$94,380","$138,930"
National,Oil and Gas Extraction (211000),All Occupations (00-0000),"113,950",0.0,$59.08,"$122,890",1.5,$23.22,$31.41,$47.79,$76.43,$107.89,"$48,290","$65,320","$99,390","$158,970","$224,410"
National,Oil and Gas Extraction (211100),All Occupations (00-0000),"113,950",0.0,$59.08,"$122,890",1.5,$23.22,$31.41,$47.79,$76.43,$107.89,"$48,290","$65,320","$99,390","$158,970","$224,410"
National,Mining (except Oil and Gas) (212000),All Occupations (00-0000),"187,760",0.0,$35.49,"$73,820",0.4,$21.80,$25.20,$31.16,$40.28,$52.72,"$45,340","$52,420","$64,810","$83,780","$109,650"
National,Coal Mining (212100),All Occupations (00-0000),"39,760",0.0,$40.47,"$84,180",1.0,$27.39,$30.96,$37.20,$43.60,$59.91,"$56,980","$64,400","$77,370","$90,690","$124,610"
National,Metal Ore Mining (212200),All Occupations (00-0000),"45,430",0.0,$39.52,"$82,200",0.7,$24.40,$29.29,$38.10,$44.69,$55.98,"$50,740","$60,930","$79,260","$92,960","$116,440"
National,Nonmetallic Mineral Mining and Quarrying (212300),All Occupations (00-0000),"102,570",0.0,$31.77,"$66,090",0.5,$19.38,$23.12,$28.14,$35.50,$48.22,"$40,310","$48,080","$58,530","$73,840","$100,290"
National,Support Activities for Mining (213000),All Occupations (00-0000),"268,510",0.0,$34.32,"$71,380",0.9,$18.26,$22.71,$28.50,$38.20,$59.75,"$37,990","$47,240","$59,280","$79,450","$124,290"
National,Support Activities for Mining (213100),All Occupations (00-0000),"268,510",0.0,$34.32,"$71,380",0.9,$18.26,$22.71,$28.50,$38.20,$59.75,"$37,990","$47,240","$59,280","$79,450","$124,290"
National,Sector 22 - Utilities (22--23),All Occupations (00-0000),"598,000",0.0,$49.96,"$103,920",0.4,$24.83,$35.38,$48.56,$60.95,$76.09,"$51,650","$73,590","$101,010","$126,780","$158,270"
National,Utilities (221000),All Occupations (00-0000),"598,000",0.0,$49.96,"$103,920",0.4,$24.83,$35.38,$48.56,$60.95,$76.09,"$51,650","$73,590","$101,010","$126,780","$158,270"
National,"Electric Power Generation, Transmission and Distribution (221100)",All Occupations (00-0000),"418,900",0.0,$51.86,"$107,870",0.4,$28.42,$37.64,$49.95,$61.66,$76.23,"$59,110","$78,290","$103,890","$128,260","$158,570"
National,Hydroelectric Power Generation (221111),All Occupations (00-0000),"8,050",0.1,$54.26,"$112,860",1.8,$28.29,$38.71,$52.48,$65.77,$78.88,"$58,840","$80,530","$109,160","$136,790","$164,070"
National,Fossil Fuel Electric Power Generation (221112),All Occupations (00-0000),"73,110",0.0,$54.93,"$114,250",0.5,$34.37,$44.51,$52.02,$62.34,$77.87,"$71,500","$92,580","$108,210","$129,670","$161,970"
National,Nuclear Electric Power Generation (221113),All Occupations (00-0000),"37,710",0.0,$58.47,"$121,620",0.2,$33.79,$47.97,$59.04,$67.91,$80.72,"$70,290","$99,770","$122,810","$141,260","$167,900"
National,Solar Electric Power Generation (221114),All Occupations (00-0000),"17,590",0.1,$47.65,"$99,110",3.2,$22.37,$26.86,$37.32,$60.01,$86.95,"$46,530","$55,880","$77,630","$124,810","$180,850"
National,Wind Electric Power Generation (221115),All Occupations (00-0000),"13,110",0.1,$47.88,"$99,590",1.5,$27.74,$30.21,$38.46,$58.24,$80.31,"$57,690","$62,840","$80,010","$121,150","$167,040"
National,Geothermal Electric Power Generation (221116),All Occupations (00-0000),"1,000",0.4,$48.05,"$99,940",2.0,$29.08,$34.34,$41.19,$54.82,$76.88,"$60,480","$71,420","$85,680","$114,020","$159,910"
National,Biomass Electric Power Generation (221117),All Occupations (00-0000),"2,370",0.2,$46.24,"$96,180",2.0,$27.16,$30.67,$37.67,$55.55,$76.95,"$56,490","$63,790","$78,350","$115,550","$160,060"
National,Other Electric Power Generation (221118),All Occupations (00-0000),"6,140",0.2,$55.89,"$116,260",3.2,$22.67,$32.13,$47.09,$68.62,$101.78,"$47,150","$66,830","$97,960","$142,740","$211,710"
National,Natural Gas Distribution (221200),All Occupations (00-0000),"115,790",0.0,$51.76,"$107,660",0.8,$27.78,$37.41,$48.72,$62.86,$79.85,"$57,790","$77,820","$101,340","$130,750","$166,090"
National,"Water, Sewage and Other Systems (221300)",All Occupations (00-0000),"63,310",0.1,$34.10,"$70,940",1.2,$17.48,$21.98,$28.74,$40.16,$55.35,"$36,350","$45,720","$59,780","$83,530","$115,130"
National,Sector 23 - Construction (23--24),All Occupations (00-0000),"8,298,380",0.0,$34.69,"$72,150",0.2,$18.45,$22.83,$29.50,$40.14,$57.33,"$38,370","$47,490","$61,370","$83,480","$119,250"
National,Construction of Buildings (236000),All Occupations (00-0000),"1,861,040",0.0,$37.90,"$78,830",0.3,$18.73,$23.59,$31.32,$45.89,$62.88,"$38,960","$49,080","$65,150","$95,440","$130,780"
National,Residential Building Construction (236100),All Occupations (00-0000),"942,780",0.0,$33.79,"$70,280",0.5,$17.74,$22.40,$28.98,$38.49,$53.86,"$36,890","$46,590","$60,280","$80,050","$112,030"
National,Nonresidential Building Construction (236200),All Occupations (00-0000),"918,260",0.0,$42.12,"$87,610",0.4,$21.53,$27.12,$36.75,$50.00,$69.30,"$44,790","$56,420","$76,440","$104,010","$144,150"
National,Heavy and Civil Engineering Construction (237000),All Occupations (00-0000),"1,194,340",0.0,$36.25,"$75,410",0.3,$18.72,$23.02,$30.24,$44.71,$60.17,"$38,940","$47,880","$62,900","$92,990","$125,150"
National,Utility System Construction (237100),All Occupations (00-0000),"619,680",0.0,$35.76,"$74,380",0.4,$18.63,$23.01,$30.04,$43.66,$59.38,"$38,740","$47,860","$62,480","$90,810","$123,510"
National,Power and Communication Line and Related Structures Construction (237130),All Occupations (00-0000),"250,860",0.0,$37.20,"$77,370",0.6,$20.20,$23.66,$31.10,$45.99,$60.68,"$42,020","$49,210","$64,690","$95,650","$126,210"
National,Land Subdivision (237200),All Occupations (00-0000),"33,580",0.1,$44.94,"$93,480",1.8,$17.47,$22.95,$33.12,$52.77,$89.48,"$36,340","$47,730","$68,890","$109,750","$186,120"
National,"Highway, Street, and Bridge Construction (237300)",All Occupations (00-0000),"395,730",0.0,$36.34,"$75,590",0.4,$18.96,$23.13,$30.58,$45.46,$59.80,"$39,430","$48,110","$63,600","$94,550","$124,390"
National,Other Heavy and Civil Engineering Construction (237900),All Occupations (00-0000),"145,350",0.0,$36.13,"$75,150",0.7,$18.66,$22.74,$29.88,$43.96,$61.16,"$38,810","$47,290","$62,160","$91,450","$127,200"
National,Specialty Trade Contractors (238000),All Occupations (00-0000),"5,243,000",0.0,$33.19,"$69,030",0.2,$18.32,$22.62,$28.95,$38.53,$52.25,"$38,100","$47,040","$60,220","$80,150","$108,690"
National,"Foundation, Structure, and Building Exterior Contractors (238100)",All Occupations (00-0000),"997,870",0.0,$31.71,"$65,950",0.3,$18.28,$22.46,$28.24,$36.91,$49.09,"$38,020","$46,710","$58,740","$76,770","$102,100"
National,Poured Concrete Foundation and Structure Contractors (238110),All Occupations (00-0000),"260,670",0.0,$31.19,"$64,880",0.6,$18.59,$22.54,$27.82,$36.43,$48.39,"$38,660","$46,890","$57,860","$75,760","$100,640"
National,Masonry Contractors (238140),All Occupations (00-0000),"140,860",0.0,$31.18,"$64,860",0.5,$18.53,$22.48,$28.39,$36.61,$47.29,"$38,530","$46,760","$59,060","$76,150","$98,360"
National,Roofing Contractors (238160),All Occupations (00-0000),"258,130",0.0,$31.33,"$65,160",0.6,$17.95,$22.35,$28.36,$36.55,$47.81,"$37,330","$46,500","$59,000","$76,020","$99,450"
National,Building Equipment Contractors (238200),All Occupations (00-0000),"2,581,300",0.0,$35.09,"$72,980",0.2,$18.60,$23.07,$30.00,$41.93,$57.69,"$38,680","$47,980","$62,400","$87,220","$119,990"
National,Electrical Contractors and Other Wiring Installation Contractors (238210),All Occupations (00-0000),"1,109,770",0.0,$35.77,"$74,390",0.3,$18.67,$23.19,$30.24,$44.20,$59.25,"$38,830","$48,240","$62,900","$91,940","$123,230"
National,"Plumbing, Heating, and Air-Conditioning Contractors (238220)",All Occupations (00-0000),"1,310,510",0.0,$34.14,"$71,020",0.3,$18.46,$22.88,$29.66,$39.76,$54.18,"$38,390","$47,580","$61,690","$82,690","$112,690"
National,Other Building Equipment Contractors (238290),All Occupations (00-0000),"161,020",0.0,$38.08,"$79,210",0.8,$20.54,$24.28,$32.11,$46.73,$63.42,"$42,710","$50,510","$66,790","$97,200","$131,920"
National,Building Finishing Contractors (238300),All Occupations (00-0000),"837,550",0.0,$30.87,"$64,210",0.4,$18.01,$22.00,$27.42,$36.05,$48.94,"$37,460","$45,760","$57,020","$74,990","$101,780"
National,Drywall and Insulation Contractors (238310),All Occupations (00-0000),"247,650",0.0,$32.77,"$68,160",0.5,$18.56,$22.72,$28.84,$38.16,$52.07,"$38,610","$47,250","$59,990","$79,370","$108,310"
National,Painting and Wall Covering Contractors (238320),All Occupations (00-0000),"205,180",0.1,$28.60,"$59,480",1.0,$17.95,$21.68,$24.47,$30.77,$43.24,"$37,330","$45,090","$50,890","$64,000","$89,930"
National,Other Specialty Trade Contractors (238900),All Occupations (00-0000),"826,290",0.0,$31.39,"$65,300",0.4,$18.01,$22.19,$27.83,$36.80,$48.80,"$37,460","$46,150","$57,890","$76,550","$101,500"
National,"Sectors 31, 32, and 33 - Manufacturing (31--34)",All Occupations (00-0000),"12,654,310",0.0,$33.24,"$69,130",0.1,$17.45,$20.79,$26.48,$37.77,$59.52,"$36,300","$43,240","$55,080","$78,560","$123,800"
National,Food Manufacturing (311000),All Occupations (00-0000),"1,778,490",0.0,$25.31,"$52,640",0.2,$15.88,$17.90,$21.66,$27.67,$37.88,"$33,030","$37,220","$45,060","$57,550","$78,800"
National,Animal Food Manufacturing (311100),All Occupations (00-0000),"76,620",0.0,$29.27,"$60,880",0.8,$17.18,$19.96,$24.08,$31.57,$46.47,"$35,730","$41,510","$50,080","$65,670","$96,660"
National,Grain and Oilseed Milling (311200),All Occupations (00-0000),"66,880",0.0,$33.29,"$69,250",0.7,$18.86,$23.01,$28.91,$37.17,$50.06,"$39,220","$47,860","$60,140","$77,300","$104,110"
National,Sugar and Confectionery Product Manufacturing (311300),All Occupations (00-0000),"83,910",0.0,$26.59,"$55,310",0.6,$14.81,$17.42,$22.38,$29.83,$41.90,"$30,800","$36,230","$46,540","$62,040","$87,150"
National,Fruit and Vegetable Preserving and Specialty Food Manufacturing (311400),All Occupations (00-0000),"172,340",0.0,$26.56,"$55,250",0.5,$16.62,$18.35,$22.16,$28.80,$39.43,"$34,560","$38,170","$46,090","$59,900","$82,010"
National,Dairy Product Manufacturing (311500),All Occupations (00-0000),"167,480",0.0,$28.76,"$59,820",0.4,$17.76,$21.90,$25.01,$30.52,$41.05,"$36,930","$45,560","$52,010","$63,480","$85,390"
National,Animal Slaughtering and Processing (311600),All Occupations (00-0000),"557,460",0.0,$22.78,"$47,380",0.2,$16.30,$17.73,$20.35,$23.52,$30.93,"$33,910","$36,880","$42,330","$48,920","$64,340"
National,Seafood Product Preparation and Packaging (311700),All Occupations (00-0000),"29,030",0.0,$23.92,"$49,750",2.0,$13.46,$16.44,$18.81,$24.53,$39.55,"$28,000","$34,180","$39,120","$51,020","$82,260"
National,Bakeries and Tortilla Manufacturing (311800),All Occupations (00-0000),"350,710",0.0,$22.62,"$47,050",0.6,$14.10,$16.78,$19.05,$23.84,$33.17,"$29,330","$34,910","$39,620","$49,580","$69,000"
National,Other Food Manufacturing (311900),All Occupations (00-0000),"274,060",0.0,$27.68,"$57,570",0.5,$16.50,$18.34,$22.57,$29.57,$43.93,"$34,320","$38,140","$46,940","$61,500","$91,370"
National,Beverage and Tobacco Product Manufacturing (312000),All Occupations (00-0000),"329,940",0.0,$28.03,"$58,300",0.4,$15.00,$18.43,$23.86,$32.32,$43.28,"$31,200","$38,330","$49,630","$67,230","$90,030"
National,Beverage Manufacturing (312100),All Occupations (00-0000),"319,220",0.0,$27.80,"$57,820",0.4,$15.00,$18.37,$23.74,$31.90,$42.88,"$31,200","$38,220","$49,370","$66,350","$89,200"
National,Tobacco Manufacturing (312200),All Occupations (00-0000),"10,710",0.0,$34.98,"$72,750",1.4,$16.99,$22.60,$29.61,$39.10,$55.76,"$35,340","$47,000","$61,580","$81,320","$115,990"
National,Textile Mills (313000),All Occupations (00-0000),"79,900",0.0,$25.24,"$52,500",0.9,$15.49,$17.65,$20.66,$26.64,$38.48,"$32,220","$36,710","$42,960","$55,420","$80,040"
National,"Fiber, Yarn, and Thread Mills (313100)",All Occupations (00-0000),"18,960",0.1,$21.72,"$45,180",0.7,$15.42,$17.53,$18.95,$22.15,$29.15,"$32,070","$36,470","$39,420","$46,070","$60,630"
National,Fabric Mills (313200),All Occupations (00-0000),"40,940",0.0,$25.71,"$53,480",0.9,$15.49,$17.86,$21.49,$27.89,$39.26,"$32,210","$37,140","$44,700","$58,010","$81,660"
National,Textile and Fabric Finishing and Fabric Coating Mills (313300),All Occupations (00-0000),"19,990",0.1,$27.62,"$57,450",2.7,$15.61,$17.60,$21.77,$29.28,$44.48,"$32,470","$36,600","$45,280","$60,890","$92,510"
National,Textile Product Mills (314000),All Occupations (00-0000),"94,410",0.0,$23.66,"$49,220",0.5,$14.48,$17.22,$19.87,$24.62,$36.25,"$30,110","$35,820","$41,330","$51,200","$75,410"
National,Textile Furnishings Mills (314100),All Occupations (00-0000),"38,250",0.0,$23.24,"$48,340",0.7,$15.00,$17.53,$19.58,$23.39,$35.00,"$31,200","$36,460","$40,720","$48,640","$72,800"
National,Other Textile Product Mills (314900),All Occupations (00-0000),"56,160",0.0,$23.95,"$49,820",0.8,$14.19,$17.05,$20.07,$25.66,$37.01,"$29,520","$35,470","$41,740","$53,370","$76,980"
National,Apparel Manufacturing (315000),All Occupations (00-0000),"79,960",0.1,$26.34,"$54,790",2.3,$14.17,$16.88,$18.97,$27.73,$46.32,"$29,480","$35,110","$39,470","$57,670","$96,340"
National,Apparel Knitting Mills (315100),All Occupations (00-0000),"5,960",0.1,$20.24,"$42,110",2.7,$13.18,$14.34,$17.50,$21.70,$29.14,"$27,420","$29,820","$36,400","$45,140","$60,600"
National,Cut and Sew Apparel Manufacturing (315200),All Occupations (00-0000),"62,100",0.1,$27.45,"$57,100",2.8,$14.45,$17.22,$19.60,$29.09,$48.07,"$30,060","$35,820","$40,760","$60,510","$99,990"
National,Apparel Accessories and Other Apparel Manufacturing (315900),All Occupations (00-0000),"11,910",0.1,$23.61,"$49,110",2.5,$14.22,$16.35,$18.28,$24.06,$38.68,"$29,570","$34,010","$38,030","$50,040","$80,460"
National,Leather and Allied Product Manufacturing (316000),All Occupations (00-0000),"23,760",0.0,$23.37,"$48,610",1.9,$13.27,$15.19,$18.53,$23.53,$36.21,"$27,610","$31,580","$38,540","$48,930","$75,310"
National,Leather and Hide Tanning and Finishing (316100),All Occupations (00-0000),"3,180",0.2,$24.59,"$51,140",0.8,$15.18,$17.70,$22.06,$26.77,$37.29,"$31,570","$36,820","$45,880","$55,690","$77,550"
National,Footwear Manufacturing (316200),All Occupations (00-0000),"10,390",0.1,$22.03,"$45,820",4.1,$11.77,$14.06,$17.80,$22.53,$32.18,"$24,480","$29,240","$37,020","$46,860","$66,930"
National,Other Leather and Allied Product Manufacturing (316900),All Occupations (00-0000),"10,190",0.1,$24.37,"$50,680",1.8,$13.96,$16.24,$18.58,$24.12,$38.48,"$29,030","$33,770","$38,650","$50,180","$80,030"
National,Wood Product Manufacturing (321000),All Occupations (00-0000),"406,580",0.0,$25.17,"$52,360",0.3,$15.47,$18.03,$22.22,$27.79,$37.21,"$32,190","$37,500","$46,210","$57,790","$77,390"
National,Sawmills and Wood Preservation (321100),All Occupations (00-0000),"84,640",0.0,$25.25,"$52,520",0.6,$14.53,$17.70,$22.40,$28.52,$38.19,"$30,230","$36,820","$46,600","$59,320","$79,430"
National,"Veneer, Plywood, and Engineered Wood Product Manufacturing (321200)",All Occupations (00-0000),"81,190",0.0,$26.12,"$54,340",0.6,$16.88,$18.68,$22.75,$28.68,$38.53,"$35,110","$38,850","$47,320","$59,660","$80,150"
National,Other Wood Product Manufacturing (321900),All Occupations (00-0000),"240,760",0.0,$24.82,"$51,630",0.3,$15.50,$17.97,$21.93,$27.25,$36.25,"$32,240","$37,380","$45,610","$56,670","$75,400"
National,Paper Manufacturing (322000),All Occupations (00-0000),"353,210",0.0,$32.27,"$67,120",0.4,$18.47,$22.51,$27.93,$36.72,$49.34,"$38,420","$46,820","$58,090","$76,390","$102,620"
National,"Pulp, Paper, and Paperboard Mills (322100)",All Occupations (00-0000),"82,240",0.0,$38.70,"$80,500",0.8,$23.25,$28.04,$35.07,$43.81,$61.37,"$48,370","$58,320","$72,950","$91,120","$127,660"
National,Converted Paper Product Manufacturing (322200),All Occupations (00-0000),"270,970",0.0,$30.32,"$63,060",0.4,$18.06,$21.87,$25.76,$32.17,$46.44,"$37,570","$45,490","$53,580","$66,910","$96,590"
National,Printing and Related Support Activities (323000),All Occupations (00-0000),"355,560",0.0,$26.83,"$55,810",0.4,$16.45,$18.28,$22.61,$29.32,$39.83,"$34,210","$38,020","$47,020","$60,990","$82,850"
National,Printing and Related Support Activities (323100),All Occupations (00-0000),"355,560",0.0,$26.83,"$55,810",0.4,$16.45,$18.28,$22.61,$29.32,$39.83,"$34,210","$38,020","$47,020","$60,990","$82,850"
National,Petroleum and Coal Products Manufacturing (324000),All Occupations (00-0000),"112,470",0.0,$47.25,"$98,280",0.6,$22.90,$29.74,$45.47,$56.60,$77.16,"$47,630","$61,850","$94,580","$117,720","$160,490"
National,Petroleum and Coal Products Manufacturing (324100),All Occupations (00-0000),"112,470",0.0,$47.25,"$98,280",0.6,$22.90,$29.74,$45.47,$56.60,$77.16,"$47,630","$61,850","$94,580","$117,720","$160,490"
National,Chemical Manufacturing (325000),All Occupations (00-0000),"889,150",0.0,$40.64,"$84,520",0.4,$18.37,$23.06,$32.52,$49.04,$74.00,"$38,220","$47,960","$67,640","$102,000","$153,910"
National,"Chemical Manufacturing (3251, 3252, 3253, and 3259 only) (3250A1)",All Occupations (00-0000),"364,650",0.0,$40.94,"$85,160",0.7,$19.52,$24.78,$35.74,$49.50,$68.26,"$40,590","$51,550","$74,350","$102,950","$141,980"
National,Chemical Manufacturing (3255 and 3256 only) (3250A2),All Occupations (00-0000),"175,720",0.0,$33.45,"$69,570",0.6,$17.43,$21.13,$27.67,$38.13,$58.39,"$36,260","$43,950","$57,560","$79,300","$121,440"
National,Pharmaceutical and Medicine Manufacturing (325400),All Occupations (00-0000),"348,780",0.0,$43.94,"$91,390",0.7,$18.43,$23.11,$35.05,$52.94,$81.58,"$38,330","$48,080","$72,900","$110,120","$169,680"
National,Plastics and Rubber Products Manufacturing (326000),All Occupations (00-0000),"705,590",0.0,$28.45,"$59,180",0.3,$17.09,$18.92,$23.14,$31.00,$45.56,"$35,540","$39,350","$48,140","$64,480","$94,760"
National,Plastics Product Manufacturing (326100),All Occupations (00-0000),"575,910",0.0,$28.11,"$58,470",0.4,$16.95,$18.68,$22.80,$30.38,$45.55,"$35,260","$38,850","$47,420","$63,180","$94,740"
National,Rubber Product Manufacturing (326200),All Occupations (00-0000),"129,670",0.0,$29.98,"$62,360",0.5,$17.87,$21.30,$25.46,$34.57,$45.66,"$37,160","$44,290","$52,960","$71,900","$94,970"
National,Nonmetallic Mineral Product Manufacturing (327000),All Occupations (00-0000),"414,630",0.0,$29.90,"$62,190",0.3,$18.30,$22.08,$26.80,$33.23,$44.53,"$38,060","$45,920","$55,740","$69,110","$92,630"
National,Primary Metal Manufacturing (331000),All Occupations (00-0000),"364,190",0.0,$31.69,"$65,910",0.3,$18.43,$22.23,$27.92,$35.69,$48.33,"$38,340","$46,250","$58,080","$74,240","$100,520"
National,Iron and Steel Mills and Ferroalloy Manufacturing (331100),All Occupations (00-0000),"84,590",0.0,$32.83,"$68,290",0.7,$18.61,$22.47,$28.88,$35.26,$50.58,"$38,700","$46,730","$60,080","$73,340","$105,200"
National,Steel Product Manufacturing from Purchased Steel (331200),All Occupations (00-0000),"58,080",0.0,$31.60,"$65,720",0.8,$18.64,$22.14,$27.26,$35.58,$48.07,"$38,770","$46,050","$56,710","$74,000","$99,990"
National,Alumina and Aluminum Production and Processing (331300),All Occupations (00-0000),"58,320",0.0,$32.05,"$66,670",0.7,$18.18,$22.11,$28.32,$36.89,$48.40,"$37,820","$45,990","$58,900","$76,740","$100,680"
National,Nonferrous Metal (except Aluminum) Production and Processing (331400),All Occupations (00-0000),"61,420",0.0,$33.86,"$70,430",0.6,$20.07,$23.40,$29.32,$37.87,$51.09,"$41,740","$48,680","$60,990","$78,760","$106,270"
National,Foundries (331500),All Occupations (00-0000),"101,780",0.0,$29.27,"$60,880",0.4,$17.94,$21.45,$25.07,$32.28,$44.72,"$37,310","$44,620","$52,140","$67,150","$93,010"
National,Fabricated Metal Product Manufacturing (332000),All Occupations (00-0000),"1,436,510",0.0,$30.16,"$62,740",0.2,$17.86,$21.28,$25.11,$33.81,$47.21,"$37,140","$44,260","$52,240","$70,320","$98,200"
National,"Fabricated Metal Product Manufacturing (3321, 3322, 3325, 3326, and 3329 only) (3320A1)",All Occupations (00-0000),"461,780",0.0,$31.22,"$64,940",0.5,$17.90,$21.36,$25.60,$35.25,$49.60,"$37,230","$44,420","$53,240","$73,320","$103,170"
National,Fabricated Metal Product Manufacturing (3323 and 3324 only) (3320A2),All Occupations (00-0000),"515,010",0.0,$30.02,"$62,430",0.3,$18.02,$21.54,$25.38,$33.93,$46.54,"$37,470","$44,800","$52,780","$70,570","$96,800"
National,"Machine Shops; Turned Product; and Screw, Nut, and Bolt Manufacturing (332700)",All Occupations (00-0000),"331,130",0.0,$30.32,"$63,070",0.4,$18.11,$21.84,$26.97,$34.27,$46.05,"$37,670","$45,440","$56,100","$71,270","$95,780"
National,Machine Shops (332710),All Occupations (00-0000),"256,920",0.0,$30.23,"$62,890",0.4,$18.13,$21.98,$27.21,$34.20,$45.54,"$37,710","$45,710","$56,600","$71,140","$94,720"
National,"Turned Product and Screw, Nut, and Bolt Manufacturing (332720)",All Occupations (00-0000),"74,210",0.0,$30.64,"$63,720",0.8,$18.07,$21.42,$25.39,$34.51,$47.55,"$37,590","$44,540","$52,800","$71,780","$98,900"
National,"Coating, Engraving, Heat Treating, and Allied Activities (332800)",All Occupations (00-0000),"128,580",0.1,$26.55,"$55,220",0.5,$16.72,$18.41,$22.53,$28.59,$39.56,"$34,770","$38,290","$46,870","$59,460","$82,280"
National,Machinery Manufacturing (333000),All Occupations (00-0000),"1,092,170",0.0,$35.49,"$73,820",0.3,$18.87,$22.77,$29.01,$39.84,$61.39,"$39,260","$47,360","$60,340","$82,860","$127,680"
National,"Machinery Manufacturing (3331, 3332, 3334, and 3339 only) (3330A1)",All Occupations (00-0000),"761,900",0.0,$35.28,"$73,390",0.3,$18.96,$22.74,$28.82,$39.50,$61.08,"$39,430","$47,300","$59,940","$82,160","$127,040"
National,Commercial and Service Industry Machinery Manufacturing (333300),All Occupations (00-0000),"86,220",0.0,$38.97,"$81,050",0.9,$19.27,$23.06,$29.95,$47.69,$67.90,"$40,070","$47,970","$62,290","$99,200","$141,240"
National,Metalworking Machinery Manufacturing (333500),All Occupations (00-0000),"151,670",0.0,$32.34,"$67,280",0.4,$18.14,$22.34,$28.77,$36.98,$50.27,"$37,730","$46,460","$59,850","$76,920","$104,560"
National,"Engine, Turbine, and Power Transmission Equipment Manufacturing (333600)",All Occupations (00-0000),"92,380",0.0,$39.11,"$81,340",0.5,$19.81,$23.53,$30.60,$47.33,$65.94,"$41,210","$48,940","$63,650","$98,450","$137,160"
National,Computer and Electronic Product Manufacturing (334000),All Occupations (00-0000),"1,002,320",0.0,$49.87,"$103,720",0.5,$19.25,$24.33,$39.63,$65.33,$95.88,"$40,040","$50,610","$82,430","$135,890","$199,430"
National,Computer and Peripheral Equipment Manufacturing (334100),All Occupations (00-0000),"103,330",0.0,$58.68,"$122,050",1.6,$19.21,$27.85,$51.68,$82.02,$104.64,"$39,960","$57,930","$107,490","$170,610","$217,650"
National,Communications Equipment Manufacturing (334200),All Occupations (00-0000),"77,980",0.0,$49.94,"$103,880",1.3,$19.64,$25.99,$41.88,$65.63,$87.52,"$40,850","$54,060","$87,110","$136,510","$182,040"
National,Audio and Video Equipment Manufacturing (334300),All Occupations (00-0000),"18,790",0.1,$46.18,"$96,050",5.1,$18.58,$22.67,$34.53,$62.64,$90.63,"$38,650","$47,150","$71,830","$130,290","$188,510"
National,Semiconductor and Other Electronic Component Manufacturing (334400),All Occupations (00-0000),"380,570",0.0,$48.23,"$100,320",0.8,$18.43,$23.01,$37.61,$63.65,$98.66,"$38,340","$47,850","$78,230","$132,400","$205,220"
National,"Navigational, Measuring, Electromedical, and Control Instruments Manufacturing (334500)",All Occupations (00-0000),"412,110",0.0,$49.35,"$102,650",0.7,$21.30,$26.44,$40.56,$63.89,$86.64,"$44,310","$54,990","$84,370","$132,880","$180,210"
National,Manufacturing and Reproducing Magnetic and Optical Media (334600),All Occupations (00-0000),"9,530",0.2,$48.46,"$100,790",5.1,$18.12,$22.95,$36.95,$67.10,$94.97,"$37,690","$47,740","$76,850","$139,560","$197,540"
National,"Electrical Equipment, Appliance, and Component Manufacturing (335000)",All Occupations (00-0000),"425,210",0.0,$33.90,"$70,510",0.5,$17.96,$21.75,$26.80,$38.37,$60.27,"$37,350","$45,250","$55,750","$79,810","$125,350"
National,Electric Lighting Equipment Manufacturing (335100),All Occupations (00-0000),"35,100",0.0,$34.48,"$71,720",1.3,$17.09,$19.68,$26.32,$39.72,$63.24,"$35,560","$40,930","$54,740","$82,620","$131,530"
National,Household Appliance Manufacturing (335200),All Occupations (00-0000),"54,650",0.0,$27.94,"$58,120",0.9,$16.70,$19.32,$23.29,$29.14,$45.97,"$34,740","$40,190","$48,440","$60,620","$95,620"
National,Electrical Equipment Manufacturing (335300),All Occupations (00-0000),"159,480",0.0,$34.52,"$71,800",0.7,$18.32,$21.94,$27.98,$39.52,$60.90,"$38,100","$45,630","$58,190","$82,190","$126,670"
National,Other Electrical Equipment and Component Manufacturing (335900),All Occupations (00-0000),"175,990",0.0,$35.07,"$72,940",0.9,$18.38,$22.42,$27.52,$38.95,$62.04,"$38,230","$46,630","$57,240","$81,010","$129,040"
National,Transportation Equipment Manufacturing (336000),All Occupations (00-0000),"1,753,760",0.0,$37.91,"$78,850",0.2,$18.96,$23.13,$31.37,$45.67,$64.70,"$39,430","$48,110","$65,260","$94,990","$134,570"
National,Motor Vehicle Manufacturing (336100),All Occupations (00-0000),"284,300",0.0,$37.16,"$77,300",0.2,$23.39,$29.20,$36.39,$38.50,$49.92,"$48,640","$60,730","$75,690","$80,080","$103,840"
National,Motor Vehicle Body and Trailer Manufacturing (336200),All Occupations (00-0000),"158,670",0.0,$27.58,"$57,370",0.5,$17.39,$20.76,$23.72,$29.65,$42.57,"$36,170","$43,190","$49,340","$61,670","$88,540"
National,Motor Vehicle Parts Manufacturing (336300),All Occupations (00-0000),"538,980",0.0,$29.57,"$61,510",0.4,$17.82,$19.79,$23.61,$35.86,$47.49,"$37,070","$41,160","$49,100","$74,580","$98,790"
National,Aerospace Product and Parts Manufacturing (336400),All Occupations (00-0000),"563,460",0.0,$50.63,"$105,300",0.3,$23.70,$30.83,$46.60,$63.32,$84.04,"$49,300","$64,130","$96,920","$131,710","$174,810"
National,Railroad Rolling Stock Manufacturing (336500),All Occupations (00-0000),"21,420",0.0,$35.67,"$74,190",0.9,$19.96,$23.17,$29.24,$40.89,$61.71,"$41,510","$48,180","$60,820","$85,060","$128,350"
National,Ship and Boat Building (336600),All Occupations (00-0000),"149,030",0.0,$34.59,"$71,950",0.4,$20.99,$24.06,$30.50,$39.27,$50.63,"$43,660","$50,040","$63,440","$81,690","$105,310"
National,Other Transportation Equipment Manufacturing (336900),All Occupations (00-0000),"37,900",0.0,$30.50,"$63,450",1.0,$17.57,$20.81,$25.19,$34.19,$48.23,"$36,540","$43,290","$52,400","$71,110","$100,320"
National,Furniture and Related Product Manufacturing (337000),All Occupations (00-0000),"339,750",0.0,$26.71,"$55,570",0.4,$16.75,$18.58,$22.74,$29.13,$39.37,"$34,850","$38,640","$47,300","$60,590","$81,900"
National,Furniture and Related Product Manufacturing (3371 and 3372 only) (3370A1),All Occupations (00-0000),"312,680",0.0,$26.81,"$55,760",0.4,$16.92,$18.69,$22.85,$29.23,$39.32,"$35,190","$38,870","$47,520","$60,800","$81,780"
National,Other Furniture Related Product Manufacturing (337900),All Occupations (00-0000),"27,070",0.0,$25.65,"$53,340",1.6,$14.86,$17.70,$21.09,$27.50,$40.63,"$30,910","$36,820","$43,860","$57,210","$84,510"
National,Miscellaneous Manufacturing (339000),All Occupations (00-0000),"616,780",0.0,$33.61,"$69,920",0.4,$17.60,$20.55,$25.62,$38.06,$61.37,"$36,610","$42,750","$53,300","$79,160","$127,650"
National,Medical Equipment and Supplies Manufacturing (339100),All Occupations (00-0000),"330,970",0.0,$36.65,"$76,220",0.6,$17.94,$21.62,$28.29,$43.88,$66.26,"$37,310","$44,960","$58,840","$91,270","$137,810"
National,Other Miscellaneous Manufacturing (339900),All Occupations (00-0000),"285,820",0.0,$30.10,"$62,610",0.6,$17.13,$19.41,$23.93,$33.22,$48.92,"$35,630","$40,360","$49,780","$69,090","$101,750"
National,Jewelry and Silverware Manufacturing (339910),All Occupations (00-0000),"20,460",0.1,$29.01,"$60,340",1.7,$16.52,$18.35,$23.46,$31.48,$47.41,"$34,360","$38,170","$48,800","$65,470","$98,610"
National,Sector 42 - Wholesale Trade (42--43),All Occupations (00-0000),"6,024,600",0.0,$36.83,"$76,610",0.3,$17.58,$21.47,$28.30,$41.78,$66.80,"$36,570","$44,650","$58,870","$86,910","$138,940"
National,"Merchant Wholesalers, Durable Goods (423000)",All Occupations (00-0000),"3,392,640",0.0,$37.15,"$77,270",0.3,$17.94,$21.90,$28.84,$42.96,$66.03,"$37,320","$45,560","$59,990","$89,370","$137,340"
National,"Merchant Wholesalers, Durable Goods (4232, 4233, 4235, 4236, 4237, and 4239 only) (4230A1)",All Occupations (00-0000),"1,503,920",0.0,$34.37,"$71,490",0.5,$17.76,$21.34,$27.19,$38.26,$60.61,"$36,950","$44,400","$56,560","$79,580","$126,060"
National,Motor Vehicle and Motor Vehicle Parts and Supplies Merchant Wholesalers (423100),All Occupations (00-0000),"368,470",0.0,$30.64,"$63,730",0.7,$16.68,$18.98,$23.92,$35.87,$50.25,"$34,700","$39,470","$49,750","$74,610","$104,510"
National,Professional and Commercial Equipment and Supplies Merchant Wholesalers (423400),All Occupations (00-0000),"745,720",0.0,$47.39,"$98,560",0.7,$18.97,$23.69,$36.93,$61.72,$88.12,"$39,460","$49,270","$76,810","$128,370","$183,290"
National,"Machinery, Equipment, and Supplies Merchant Wholesalers (423800)",All Occupations (00-0000),"774,540",0.0,$35.79,"$74,450",0.4,$18.51,$22.95,$29.67,$39.80,$59.42,"$38,500","$47,730","$61,710","$82,780","$123,590"
National,Farm and Garden Machinery and Equipment Merchant Wholesalers (423820),All Occupations (00-0000),"114,800",0.0,$31.82,"$66,190",0.5,$17.52,$21.57,$27.49,$36.60,$50.77,"$36,430","$44,860","$57,170","$76,120","$105,600"
National,"Merchant Wholesalers, Nondurable Goods (424000)",All Occupations (00-0000),"2,188,230",0.0,$35.01,"$72,830",0.4,$17.11,$20.40,$26.59,$38.32,$64.32,"$35,590","$42,440","$55,310","$79,700","$133,790"
National,"Merchant Wholesalers, Nondurable Goods (4244 and 4248 only) (4240A1)",All Occupations (00-0000),"1,038,880",0.0,$30.93,"$64,340",0.7,$17.15,$20.29,$24.62,$34.25,$48.92,"$35,680","$42,190","$51,210","$71,230","$101,760"
National,"Merchant Wholesalers, Nondurable Goods (4242 and 4246 only) (4240A2)",All Occupations (00-0000),"401,950",0.0,$50.91,"$105,890",1.1,$18.90,$23.93,$38.17,$68.09,$99.63,"$39,300","$49,780","$79,390","$141,630","$207,230"
National,"Merchant Wholesalers, Nondurable Goods (4241, 4247, and 4249 only) (4240A3)",All Occupations (00-0000),"537,960",0.0,$31.59,"$65,700",0.6,$16.56,$19.10,$24.52,$35.56,$52.51,"$34,430","$39,730","$51,000","$73,960","$109,210"
National,"Apparel, Piece Goods, and Notions Merchant Wholesalers (424300)",All Occupations (00-0000),"136,380",0.0,$37.21,"$77,390",1.8,$16.80,$18.87,$26.33,$42.27,$66.41,"$34,930","$39,250","$54,770","$87,910","$138,130"
National,Farm Product Raw Material Merchant Wholesalers (424500),All Occupations (00-0000),"73,060",0.0,$26.74,"$55,610",0.9,$14.70,$17.82,$22.17,$29.33,$44.41,"$30,570","$37,070","$46,110","$61,000","$92,370"
National,Wholesale Trade Agents and Brokers (425000),All Occupations (00-0000),"443,730",0.0,$43.38,"$90,230",1.3,$17.37,$22.31,$33.27,$54.51,$81.05,"$36,120","$46,400","$69,210","$113,380","$168,590"
National,Wholesale Trade Agents and Brokers (425100),All Occupations (00-0000),"443,730",0.0,$43.38,"$90,230",1.3,$17.37,$22.31,$33.27,$54.51,$81.05,"$36,120","$46,400","$69,210","$113,380","$168,590"
National,Sectors 44 and 45 - Retail Trade (44--46),All Occupations (00-0000),"15,503,410",0.0,$21.51,"$44,750",0.1,$13.54,$15.25,$17.73,$22.45,$31.39,"$28,160","$31,710","$36,880","$46,700","$65,290"
National,Motor Vehicle and Parts Dealers (441000),All Occupations (00-0000),"2,043,570",0.0,$27.79,"$57,800",0.3,$14.04,$17.01,$21.59,$30.39,$46.21,"$29,200","$35,370","$44,910","$63,210","$96,120"
National,Automobile Dealers (441100),All Occupations (00-0000),"1,290,550",0.0,$30.84,"$64,140",0.4,$14.59,$17.47,$22.77,$35.88,$50.75,"$30,340","$36,340","$47,370","$74,630","$105,560"
National,Other Motor Vehicle Dealers (441200),All Occupations (00-0000),"166,010",0.0,$27.81,"$57,850",0.5,$15.06,$18.00,$23.00,$30.76,$44.00,"$31,330","$37,440","$47,840","$63,970","$91,520"
National,"Automotive Parts, Accessories, and Tire Retailers (441300)",All Occupations (00-0000),"587,020",0.0,$21.09,"$43,860",0.5,$13.45,$15.03,$17.97,$23.02,$31.30,"$27,980","$31,270","$37,380","$47,880","$65,100"
National,Building Material and Garden Equipment and Supplies Dealers (444000),All Occupations (00-0000),"1,392,800",0.0,$22.11,"$45,990",0.3,$15.08,$17.10,$18.58,$23.19,$30.96,"$31,370","$35,560","$38,650","$48,240","$64,390"
National,Building Material and Supplies Dealers (444100),All Occupations (00-0000),"1,200,770",0.0,$22.33,"$46,450",0.3,$15.56,$17.26,$18.74,$23.26,$31.04,"$32,360","$35,900","$38,980","$48,370","$64,560"
National,Lawn and Garden Equipment and Supplies Retailers (444200),All Occupations (00-0000),"192,030",0.0,$20.71,"$43,080",0.5,$13.60,$14.74,$17.61,$22.73,$30.42,"$28,290","$30,650","$36,620","$47,280","$63,270"
National,Food and Beverage Retailers (445000),All Occupations (00-0000),"3,246,380",0.0,$18.98,"$39,470",0.2,$13.28,$14.87,$17.36,$20.94,$25.77,"$27,620","$30,930","$36,100","$43,550","$53,600"
National,Food and Beverage Retailers (4451 and 4452 only) (4450A1),All Occupations (00-0000),"3,075,680",0.0,$18.97,"$39,460",0.2,$13.30,$14.88,$17.38,$20.98,$25.64,"$27,650","$30,960","$36,140","$43,640","$53,340"
National,"Beer, Wine, and Liquor Retailers (445300)",All Occupations (00-0000),"170,700",0.0,$19.05,"$39,620",0.7,$12.95,$14.65,$17.00,$20.17,$27.37,"$26,930","$30,470","$35,370","$41,950","$56,930"
National,"Furniture, Home Furnishings, Electronics, and Appliance Retailers (449000)",All Occupations (00-0000),"764,510",0.0,$24.26,"$50,460",0.4,$14.21,$17.14,$20.60,$27.28,$37.52,"$29,550","$35,650","$42,860","$56,730","$78,030"
National,Furniture and Home Furnishings Retailers (449100),All Occupations (00-0000),"395,160",0.0,$24.18,"$50,300",0.4,$13.89,$16.65,$20.07,$27.61,$38.29,"$28,890","$34,620","$41,750","$57,440","$79,630"
National,Electronics and Appliance Retailers (449200),All Occupations (00-0000),"369,350",0.0,$24.34,"$50,630",0.8,$14.96,$17.51,$21.03,$26.96,$36.59,"$31,120","$36,420","$43,730","$56,080","$76,100"
National,General Merchandise Retailers (455000),All Occupations (00-0000),"3,275,200",0.0,$19.34,"$40,230",0.2,$13.82,$15.10,$17.34,$20.28,$27.96,"$28,740","$31,400","$36,060","$42,180","$58,150"
National,Health and Personal Care Retailers (456000),All Occupations (00-0000),"1,076,240",0.0,$27.32,"$56,830",0.6,$14.62,$17.10,$18.97,$27.36,$62.18,"$30,410","$35,570","$39,450","$56,920","$129,340"
National,Health and Personal Care Retailers (456100),All Occupations (00-0000),"1,076,240",0.0,$27.32,"$56,830",0.6,$14.62,$17.10,$18.97,$27.36,$62.18,"$30,410","$35,570","$39,450","$56,920","$129,340"
National,Pharmacies and Drug Retailers (456110),All Occupations (00-0000),"683,490",0.0,$29.67,"$61,720",0.7,$15.77,$17.47,$20.22,$29.34,$64.69,"$32,790","$36,340","$42,060","$61,020","$134,560"
National,Gasoline Stations and Fuel Dealers (457000),All Occupations (00-0000),"1,042,980",0.0,$17.81,"$37,050",0.4,$12.17,$13.80,$16.35,$18.19,$25.42,"$25,310","$28,700","$34,000","$37,840","$52,870"
National,Gasoline Stations (457100),All Occupations (00-0000),"973,720",0.0,$16.92,"$35,180",0.4,$11.74,$13.74,$15.91,$17.73,$22.24,"$24,410","$28,590","$33,100","$36,870","$46,250"
National,Fuel Dealers (457200),All Occupations (00-0000),"69,260",0.0,$30.41,"$63,250",0.6,$18.17,$22.87,$28.00,$33.36,$43.49,"$37,800","$47,570","$58,240","$69,390","$90,450"
National,"Clothing, Clothing Accessories, Shoe, and Jewelry Retailers (458000)",All Occupations (00-0000),"1,157,300",0.0,$20.12,"$41,850",0.7,$12.89,$14.16,$17.16,$21.38,$29.84,"$26,820","$29,460","$35,690","$44,470","$62,060"
National,Clothing and Clothing Accessories Retailers (458100),All Occupations (00-0000),"855,950",0.0,$19.56,"$40,670",0.9,$12.81,$13.98,$16.98,$20.47,$28.68,"$26,640","$29,070","$35,330","$42,570","$59,660"
National,Shoe Retailers (458200),All Occupations (00-0000),"172,150",0.0,$18.28,"$38,010",0.8,$11.91,$14.09,$16.91,$18.82,$25.56,"$24,760","$29,310","$35,180","$39,140","$53,170"
National,"Jewelry, Luggage, and Leather Goods Retailers (458300)",All Occupations (00-0000),"129,210",0.0,$26.32,"$54,750",1.3,$14.80,$17.31,$21.80,$29.31,$41.09,"$30,780","$36,000","$45,350","$60,960","$85,460"
National,"Sporting Goods, Hobby, Musical Instrument, Book, and Miscellaneous Retailers (459000)",All Occupations (00-0000),"1,504,440",0.0,$20.73,"$43,110",0.3,$13.16,$14.79,$17.50,$21.93,$30.28,"$27,370","$30,760","$36,400","$45,600","$62,980"
National,Miscellaneous Store Retailers (4594 and 4595 only) (4590A1),All Occupations (00-0000),"401,170",0.0,$18.98,"$39,480",0.6,$12.48,$13.99,$16.81,$19.95,$27.23,"$25,960","$29,100","$34,950","$41,490","$56,630"
National,"Sporting Goods, Hobby, and Musical Instrument Retailers (459100)",All Occupations (00-0000),"489,720",0.0,$20.04,"$41,680",0.4,$13.36,$14.88,$17.54,$21.57,$29.20,"$27,780","$30,950","$36,480","$44,870","$60,740"
National,Sporting Goods Retailers (459110),All Occupations (00-0000),"295,900",0.0,$20.31,"$42,240",0.5,$13.65,$15.00,$17.60,$21.87,$29.26,"$28,390","$31,200","$36,600","$45,500","$60,870"
National,Book Retailers and News Dealers (459200),All Occupations (00-0000),"66,980",0.1,$19.01,"$39,540",0.6,$13.00,$14.27,$17.25,$20.85,$27.31,"$27,050","$29,690","$35,890","$43,360","$56,810"
National,Florists (459300),All Occupations (00-0000),"59,310",0.1,$19.38,"$40,310",1.0,$12.87,$14.60,$17.40,$21.76,$27.44,"$26,780","$30,370","$36,200","$45,250","$57,080"
National,Other Miscellaneous Retailers (459900),All Occupations (00-0000),"487,270",0.0,$23.26,"$48,380",0.6,$13.68,$15.84,$18.25,$23.89,$37.06,"$28,450","$32,950","$37,950","$49,680","$77,070"
National,Sectors 48 and 49 - Transportation and Warehousing (48--50),All Occupations (00-0000),"7,448,640",0.0,$30.93,"$64,330",0.2,$17.99,$21.17,$25.08,$34.99,$45.94,"$37,420","$44,030","$52,170","$72,770","$95,560"
National,Air Transportation (481000),All Occupations (00-0000),"563,220",0.0,$53.21,"$110,690",1.3,$18.02,$22.52,$36.12,$60.27,$105.78,"$37,470","$46,850","$75,130","$125,350","$220,030"
National,Scheduled Air Transportation (481100),All Occupations (00-0000),"506,330",0.0,$53.05,"$110,350",1.5,$17.89,$22.26,$35.22,$58.22,$105.92,"$37,220","$46,310","$73,260","$121,100","$220,310"
National,Nonscheduled Air Transportation (481200),All Occupations (00-0000),"56,890",0.0,$54.65,"$113,680",1.7,$20.67,$28.55,$40.57,$65.76,$104.70,"$42,990","$59,390","$84,380","$136,780","$217,780"
National,Rail Transportation (482000),All Occupations (00-0000),"190,930",0.0,$41.29,"$85,890",0.2,$26.33,$32.42,$38.43,$46.50,$59.92,"$54,770","$67,420","$79,940","$96,730","$124,640"
National,Rail Transportation (482100),All Occupations (00-0000),"190,930",0.0,$41.29,"$85,890",0.2,$26.33,$32.42,$38.43,$46.50,$59.92,"$54,770","$67,420","$79,940","$96,730","$124,640"
National,Water Transportation (483000),All Occupations (00-0000),"69,600",0.0,$41.36,"$86,030",1.6,$16.58,$22.36,$33.21,$51.99,$76.17,"$34,480","$46,510","$69,070","$108,130","$158,420"
National,"Deep Sea, Coastal, and Great Lakes Water Transportation (483100)",All Occupations (00-0000),"41,170",0.1,$40.92,"$85,120",2.3,$16.45,$21.11,$34.18,$50.57,$74.51,"$34,220","$43,910","$71,080","$105,180","$154,970"
National,Inland Water Transportation (483200),All Occupations (00-0000),"28,430",0.0,$41.99,"$87,340",1.8,$17.91,$23.64,$31.54,$55.37,$77.11,"$37,250","$49,170","$65,610","$115,160","$160,380"
National,Truck Transportation (484000),All Occupations (00-0000),"1,499,660",0.0,$29.69,"$61,760",0.3,$18.25,$22.62,$28.42,$35.21,$40.01,"$37,960","$47,050","$59,120","$73,230","$83,220"
National,Transit and Ground Passenger Transportation (485000),All Occupations (00-0000),"532,510",0.0,$27.45,"$57,090",1.9,$16.12,$18.29,$23.04,$29.31,$37.79,"$33,540","$38,040","$47,930","$60,960","$78,610"
National,Urban Transit Systems (485100),All Occupations (00-0000),"47,340",0.0,$28.82,"$59,940",0.5,$18.72,$22.49,$28.02,$32.42,$40.33,"$38,940","$46,770","$58,290","$67,430","$83,890"
National,Interurban and Rural Bus Transportation (485200),All Occupations (00-0000),"15,360",0.0,$25.00,"$51,990",0.9,$17.05,$19.67,$22.60,$28.53,$34.42,"$35,460","$40,900","$47,010","$59,340","$71,590"
National,Taxi and Limousine Service (485300),All Occupations (00-0000),"117,670",0.0,$37.85,"$78,720",6.0,$16.50,$18.71,$25.46,$42.62,$83.11,"$34,320","$38,920","$52,950","$88,650","$172,870"
National,School and Employee Bus Transportation (485400),All Occupations (00-0000),"216,510",0.0,$24.53,"$51,020",0.5,$16.32,$18.66,$23.31,$28.64,$33.27,"$33,950","$38,800","$48,490","$59,580","$69,200"
National,Charter Bus Industry (485500),All Occupations (00-0000),"24,070",0.0,$26.10,"$54,300",1.2,$17.51,$20.87,$23.32,$28.31,$35.74,"$36,420","$43,420","$48,510","$58,880","$74,340"
National,Other Transit and Ground Passenger Transportation (485900),All Occupations (00-0000),"111,560",0.1,$22.18,"$46,130",0.7,$14.62,$17.02,$19.60,$23.95,$30.36,"$30,400","$35,400","$40,770","$49,820","$63,140"
National,Pipeline Transportation (486000),All Occupations (00-0000),"56,210",0.0,$50.55,"$105,150",1.7,$30.55,$37.98,$46.97,$57.68,$75.87,"$63,530","$78,990","$97,690","$119,960","$157,800"
National,Pipeline Transportation of Crude Oil (486100),All Occupations (00-0000),"12,330",0.1,$53.87,"$112,050",1.9,$29.68,$38.72,$48.68,$63.49,$81.80,"$61,730","$80,530","$101,260","$132,070","$170,140"
National,Pipeline Transportation of Natural Gas (486200),All Occupations (00-0000),"36,880",0.0,$50.18,"$104,370",2.5,$32.13,$38.24,$46.61,$56.14,$71.82,"$66,830","$79,540","$96,950","$116,770","$149,390"
National,Other Pipeline Transportation (486900),All Occupations (00-0000),"7,000",0.2,$46.70,"$97,130",2.3,$23.24,$32.05,$45.54,$56.01,$71.81,"$48,330","$66,660","$94,730","$116,490","$149,370"
National,Scenic and Sightseeing Transportation (487000),All Occupations (00-0000),"30,850",0.1,$26.94,"$56,040",1.1,$15.05,$17.68,$22.45,$29.77,$43.61,"$31,300","$36,780","$46,690","$61,930","$90,700"
National,"Scenic and Sightseeing Transportation, Land (487100)",All Occupations (00-0000),"11,110",0.1,$24.37,"$50,680",1.6,$14.70,$17.61,$21.89,$27.82,$35.45,"$30,580","$36,620","$45,530","$57,870","$73,730"
National,"Scenic and Sightseeing Transportation, Water (487200)",All Occupations (00-0000),"17,110",0.1,$27.62,"$57,460",1.7,$15.28,$17.53,$22.62,$31.30,$46.98,"$31,770","$36,470","$47,050","$65,110","$97,710"
National,"Scenic and Sightseeing Transportation, Other (487900)",All Occupations (00-0000),"2,620",0.2,$33.39,"$69,440",2.9,$16.59,$20.52,$25.87,$37.78,$60.12,"$34,500","$42,680","$53,820","$78,580","$125,040"
National,Support Activities for Transportation (488000),All Occupations (00-0000),"812,950",0.0,$31.89,"$66,330",0.6,$16.98,$19.82,$25.04,$36.68,$52.63,"$35,320","$41,220","$52,090","$76,300","$109,480"
National,Support Activities for Air Transportation (488100),All Occupations (00-0000),"272,420",0.0,$30.10,"$62,610",0.8,$16.50,$18.71,$23.00,$35.87,$49.11,"$34,330","$38,930","$47,840","$74,610","$102,160"
National,Support Activities for Rail Transportation (488200),All Occupations (00-0000),"42,340",0.0,$29.93,"$62,250",1.8,$18.47,$21.83,$26.38,$32.04,$44.48,"$38,420","$45,410","$54,870","$66,630","$92,520"
National,Support Activities for Water Transportation (488300),All Occupations (00-0000),"94,920",0.0,$41.80,"$86,940",1.8,$19.98,$24.69,$35.71,$49.28,$74.30,"$41,550","$51,350","$74,270","$102,490","$154,540"
National,Support Activities for Road Transportation (488400),All Occupations (00-0000),"114,040",0.0,$25.84,"$53,750",0.7,$15.50,$18.26,$22.74,$29.09,$37.63,"$32,240","$37,980","$47,300","$60,510","$78,280"
National,Freight Transportation Arrangement (488500),All Occupations (00-0000),"251,630",0.0,$33.95,"$70,610",1.1,$17.78,$21.67,$27.96,$37.91,$59.61,"$36,980","$45,070","$58,150","$78,850","$123,980"
National,Other Support Activities for Transportation (488900),All Occupations (00-0000),"37,610",0.1,$26.63,"$55,400",2.0,$15.93,$17.52,$21.57,$28.20,$40.84,"$33,140","$36,450","$44,870","$58,660","$84,940"
National,Postal Service (Federal Government) (491000),All Occupations (00-0000),"618,900",0.0,$31.60,"$65,730",0.0,$20.48,$25.32,$30.61,$37.67,$40.91,"$42,600","$52,670","$63,670","$78,350","$85,090"
National,Postal Service (Federal Government) (491100),All Occupations (00-0000),"618,900",0.0,$31.60,"$65,730",0.0,$20.48,$25.32,$30.61,$37.67,$40.91,"$42,600","$52,670","$63,670","$78,350","$85,090"
National,Couriers and Messengers (492000),All Occupations (00-0000),"1,110,140",0.0,$27.62,"$57,450",0.3,$18.44,$20.92,$22.51,$29.66,$45.19,"$38,360","$43,520","$46,830","$61,700","$94,000"
National,Couriers and Express Delivery Services (492100),All Occupations (00-0000),"925,330",0.0,$28.55,"$59,390",0.3,$18.54,$21.24,$22.89,$31.41,$45.52,"$38,560","$44,190","$47,620","$65,340","$94,680"
National,Local Messengers and Local Delivery (492200),All Occupations (00-0000),"184,810",0.0,$22.94,"$47,720",0.8,$17.89,$19.34,$21.40,$23.00,$28.31,"$37,220","$40,220","$44,520","$47,840","$58,880"
National,Warehousing and Storage (493000),All Occupations (00-0000),"1,963,680",0.0,$25.81,"$53,680",0.2,$17.95,$20.34,$22.81,$28.40,$35.97,"$37,330","$42,310","$47,440","$59,070","$74,810"
National,Warehousing and Storage (493100),All Occupations (00-0000),"1,963,680",0.0,$25.81,"$53,680",0.2,$17.95,$20.34,$22.81,$28.40,$35.97,"$37,330","$42,310","$47,440","$59,070","$74,810"
National,Sector 51 - Information (51--52),All Occupations (00-0000),"2,879,620",0.0,$55.30,"$115,030",0.3,$18.80,$28.25,$46.14,$75.91,$102.57,"$39,110","$58,760","$95,970","$157,900","$213,340"
National,Motion Picture and Sound Recording Industries (512000),All Occupations (00-0000),"374,240",0.0,$44.15,"$91,840",1.6,$13.41,$17.42,$29.90,$51.80,$85.06,"$27,890","$36,220","$62,200","$107,750","$176,920"
National,Motion Picture and Video Industries (512100),All Occupations (00-0000),"354,380",0.0,$44.00,"$91,520",1.7,$13.29,$17.30,$29.53,$51.80,$85.06,"$27,650","$35,990","$61,420","$107,750","$176,920"
National,Motion Picture and Video Exhibition (512130),All Occupations (00-0000),"117,200",0.0,$16.73,"$34,790",0.5,$10.89,$13.00,$15.49,$18.03,$22.68,"$22,650","$27,040","$32,220","$37,510","$47,180"
National,Sound Recording Industries (512200),All Occupations (00-0000),"19,860",0.1,$46.90,"$97,560",3.0,$19.48,$25.20,$36.65,$51.49,$82.29,"$40,520","$52,410","$76,230","$107,100","$171,170"
National,Publishing Industries (513000),All Occupations (00-0000),"910,660",0.0,$61.26,"$127,420",0.4,$22.91,$33.41,$53.17,$80.84,$104.12,"$47,660","$69,500","$110,590","$168,150","$216,560"
National,"Newspaper, Periodical, Book, and Directory Publishers (513100)",All Occupations (00-0000),"251,110",0.0,$42.65,"$88,710",0.7,$16.95,$22.45,$33.11,$51.44,$80.74,"$35,250","$46,700","$68,870","$106,990","$167,930"
National,Newspaper Publishers (513110),All Occupations (00-0000),"83,970",0.0,$33.41,"$69,500",1.0,$14.49,$17.91,$24.51,$38.87,$64.73,"$30,130","$37,240","$50,990","$80,850","$134,640"
National,Software Publishers (513200),All Occupations (00-0000),"659,550",0.0,$68.34,"$142,150",0.5,$29.12,$40.00,$63.17,$84.35,$107.38,"$60,580","$83,190","$131,390","$175,450","$223,340"
National,Broadcasting and Content Providers (516000),All Occupations (00-0000),"343,200",0.0,$56.95,"$118,460",1.2,$18.58,$25.62,$41.70,$75.86,$106.34,"$38,640","$53,300","$86,740","$157,790","$221,190"
National,Radio and Television Broadcasting Stations (516100),All Occupations (00-0000),"115,710",0.0,$38.00,"$79,040",1.0,$15.78,$20.10,$28.85,$45.13,$65.79,"$32,810","$41,800","$60,010","$93,860","$136,850"
National,Radio Broadcasting Stations (516110),All Occupations (00-0000),"50,760",0.0,$33.66,"$70,010",1.2,$13.86,$17.42,$23.91,$38.18,$62.39,"$28,820","$36,240","$49,740","$79,420","$129,760"
National,Television Broadcasting Stations (516120),All Occupations (00-0000),"64,950",0.0,$41.39,"$86,090",1.3,$18.20,$22.28,$30.85,$47.64,$70.53,"$37,860","$46,340","$64,170","$99,090","$146,710"
National,"Media Streaming Distribution Services, Social Networks, & Other Media Networks & Content Providers (516200)",All Occupations (00-0000),"227,490",0.0,$66.59,"$138,510",1.4,$22.23,$31.87,$50.90,$82.95,$130.81,"$46,230","$66,290","$105,860","$172,530","$272,090"
National,Telecommunications (517000),All Occupations (00-0000),"591,190",0.0,$42.95,"$89,330",0.4,$21.04,$26.43,$37.75,$50.55,$74.04,"$43,760","$54,960","$78,520","$105,140","$153,990"
National,"Computing Infrastructure Providers, Data Processing, Web Hosting, and Related Services (518000)",All Occupations (00-0000),"485,550",0.0,$59.45,"$123,660",0.8,$21.40,$31.70,$51.69,$79.71,$103.24,"$44,510","$65,940","$107,510","$165,800","$214,740"
National,"Computing Infrastructure Providers, Data Processing, Web Hosting, and Related Services (518200)",All Occupations (00-0000),"485,550",0.0,$59.45,"$123,660",0.8,$21.40,$31.70,$51.69,$79.71,$103.24,"$44,510","$65,940","$107,510","$165,800","$214,740"
National,"Web Search Portals, Libraries, Archives, and Other Information Services (519000)",All Occupations (00-0000),"174,790",0.0,$75.17,"$156,350",0.7,$20.41,$36.71,$79.35,$103.44,$135.87,"$42,450","$76,360","$165,040","$215,160","$282,610"
National,"Web Search Portals, Libraries, Archives, and Other Information Services (519200)",All Occupations (00-0000),"174,790",0.0,$75.17,"$156,350",0.7,$20.41,$36.71,$79.35,$103.44,$135.87,"$42,450","$76,360","$165,040","$215,160","$282,610"
National,Sector 52 - Finance and Insurance (52--53),All Occupations (00-0000),"6,281,650",0.0,$48.48,"$100,840",0.3,$19.38,$24.09,$37.03,$60.52,$87.75,"$40,310","$50,110","$77,030","$125,880","$182,530"
National,Monetary Authorities-Central Bank (521000),All Occupations (00-0000),"20,490",0.1,$69.48,"$144,520",0.7,$31.62,$46.06,$63.36,$83.17,$107.24,"$65,780","$95,810","$131,780","$172,990","$223,070"
National,Monetary Authorities-Central Bank (521100),All Occupations (00-0000),"20,490",0.1,$69.48,"$144,520",0.7,$31.62,$46.06,$63.36,$83.17,$107.24,"$65,780","$95,810","$131,780","$172,990","$223,070"
National,Credit Intermediation and Related Activities (522000),All Occupations (00-0000),"2,510,490",0.0,$43.01,"$89,460",0.3,$18.43,$22.87,$30.92,$51.53,$80.85,"$38,340","$47,560","$64,320","$107,180","$168,170"
National,Credit Intermediation and Related Activities (5221 and 5223 only) (5220A1),All Occupations (00-0000),"1,999,900",0.0,$42.76,"$88,930",0.3,$18.65,$22.92,$30.76,$51.06,$80.47,"$38,780","$47,670","$63,970","$106,190","$167,370"
National,Nondepository Credit Intermediation (522200),All Occupations (00-0000),"510,600",0.0,$44.00,"$91,520",0.6,$17.51,$22.61,$31.74,$55.64,$82.69,"$36,410","$47,020","$66,020","$115,730","$171,990"
National,Other Nondepository Credit Intermediation (522290),All Occupations (00-0000),"358,260",0.0,$41.50,"$86,320",0.8,$16.69,$21.44,$29.93,$49.83,$80.59,"$34,710","$44,590","$62,250","$103,640","$167,630"
National,"Securities, Commodity Contracts, and Other Financial Investments and Related Activities (523000)",All Occupations (00-0000),"1,099,930",0.0,$71.49,"$148,700",0.8,$24.27,$34.82,$53.84,$86.06,$148.12,"$50,480","$72,420","$111,990","$179,000","$308,090"
National,Insurance Carriers and Related Activities (524000),All Occupations (00-0000),"2,617,090",0.0,$43.79,"$91,090",0.3,$19.37,$23.92,$36.25,$50.84,$78.52,"$40,290","$49,750","$75,400","$105,750","$163,320"
National,Insurance Carriers (524100),All Occupations (00-0000),"1,215,820",0.0,$47.05,"$97,870",0.3,$22.25,$28.35,$38.83,$59.20,$80.15,"$46,290","$58,960","$80,760","$123,130","$166,720"
National,Direct Health and Medical Insurance Carriers (524114),All Occupations (00-0000),"451,820",0.1,$44.81,"$93,210",0.4,$21.96,$26.33,$38.29,$52.31,$77.43,"$45,680","$54,760","$79,630","$108,790","$161,050"
National,"Direct Insurance (except Life, Health, and Medical) Carriers (524120)",All Occupations (00-0000),"531,400",0.0,$46.90,"$97,550",0.5,$22.69,$28.85,$38.50,$58.26,$79.86,"$47,190","$60,020","$80,080","$121,170","$166,100"
National,"Agencies, Brokerages, and Other Insurance Related Activities (524200)",All Occupations (00-0000),"1,401,270",0.0,$40.96,"$85,200",0.6,$18.12,$22.69,$30.87,$47.90,$75.82,"$37,690","$47,200","$64,220","$99,640","$157,700"
National,Insurance Agencies and Brokerages (524210),All Occupations (00-0000),"1,004,520",0.0,$40.67,"$84,590",0.8,$17.82,$22.50,$30.33,$47.45,$76.22,"$37,060","$46,790","$63,080","$98,700","$158,530"
National,Other Insurance Related Activities (524290),All Occupations (00-0000),"396,750",0.0,$41.71,"$86,750",0.6,$19.14,$23.13,$34.63,$49.07,$74.67,"$39,810","$48,100","$72,030","$102,060","$155,320"
National,"Funds, Trusts, and Other Financial Vehicles (525000)",All Occupations (00-0000),"33,650",0.1,$56.47,"$117,460",1.4,$21.76,$28.71,$43.29,$68.45,$102.79,"$45,260","$59,720","$90,050","$142,370","$213,800"
National,Insurance and Employee Benefit Funds (525100),All Occupations (00-0000),"13,690",0.1,$47.14,"$98,050",1.6,$21.97,$28.37,$38.52,$55.09,$80.92,"$45,690","$59,010","$80,130","$114,590","$168,300"
National,Other Investment Pools and Funds (525900),All Occupations (00-0000),"19,960",0.1,$62.88,"$130,780",1.9,$21.59,$29.32,$48.04,$79.44,$120.19,"$44,900","$60,990","$99,930","$165,230","$249,990"
National,Sector 53 - Real Estate and Rental and Leasing (53--54),All Occupations (00-0000),"2,427,950",0.0,$31.89,"$66,320",0.5,$16.58,$19.22,$24.78,$35.96,$53.13,"$34,490","$39,990","$51,540","$74,790","$110,500"
National,Real Estate (531000),All Occupations (00-0000),"1,837,320",0.0,$32.87,"$68,380",0.6,$16.83,$19.93,$25.89,$36.85,$57.00,"$35,000","$41,440","$53,850","$76,640","$118,560"
National,Rental and Leasing Services (532000),All Occupations (00-0000),"569,390",0.0,$27.99,"$58,220",0.6,$15.78,$18.19,$22.91,$30.97,$44.74,"$32,820","$37,840","$47,640","$64,420","$93,060"
National,"Rental and Leasing Services (5322, 5323, and 5324 only) (5320A1)",All Occupations (00-0000),"358,680",0.0,$30.02,"$62,430",0.9,$16.72,$19.11,$24.30,$34.41,$48.20,"$34,770","$39,760","$50,540","$71,570","$100,260"
National,Automotive Equipment Rental and Leasing (532100),All Occupations (00-0000),"210,710",0.0,$24.54,"$51,040",0.7,$14.68,$17.26,$21.17,$28.14,$37.23,"$30,530","$35,890","$44,030","$58,540","$77,440"
National,Lessors of Nonfinancial Intangible Assets (except Copyrighted Works) (533000),All Occupations (00-0000),"21,250",0.1,$50.84,"$105,740",2.0,$20.77,$28.42,$39.84,$61.88,$93.05,"$43,190","$59,110","$82,860","$128,710","$193,540"
National,Lessors of Nonfinancial Intangible Assets (except Copyrighted Works) (533100),All Occupations (00-0000),"21,250",0.1,$50.84,"$105,740",2.0,$20.77,$28.42,$39.84,$61.88,$93.05,"$43,190","$59,110","$82,860","$128,710","$193,540"
National,"Sector 54 - Professional, Scientific, and Technical Services (54--55)",All Occupations (00-0000),"10,800,470",0.0,$52.23,"$108,640",0.3,$19.83,$27.97,$42.08,$65.00,$96.95,"$41,250","$58,180","$87,530","$135,200","$201,650"
National,"Professional, Scientific, and Technical Services (541000)",All Occupations (00-0000),"10,800,470",0.0,$52.23,"$108,640",0.3,$19.83,$27.97,$42.08,$65.00,$96.95,"$41,250","$58,180","$87,530","$135,200","$201,650"
National,Legal Services (541100),All Occupations (00-0000),"1,224,710",0.0,$55.74,"$115,940",1.7,$19.79,$25.21,$37.60,$63.58,$108.60,"$41,150","$52,430","$78,200","$132,240","$225,900"
National,"Accounting, Tax Preparation, Bookkeeping, and Payroll Services (541200)",All Occupations (00-0000),"1,091,370",0.0,$44.82,"$93,230",0.5,$18.47,$24.00,$36.77,$53.23,$81.14,"$38,410","$49,920","$76,470","$110,730","$168,780"
National,"Architectural, Engineering, and Related Services (541300)",All Occupations (00-0000),"1,719,390",0.0,$49.11,"$102,150",0.3,$22.91,$30.42,$42.66,$61.74,$81.76,"$47,640","$63,280","$88,740","$128,430","$170,050"
National,Engineering Services (541330),All Occupations (00-0000),"1,202,060",0.0,$52.60,"$109,400",0.4,$25.15,$34.80,$47.16,$64.15,$84.83,"$52,310","$72,380","$98,090","$133,440","$176,450"
National,Testing Laboratories and Services (541380),All Occupations (00-0000),"172,160",0.0,$38.32,"$79,710",0.8,$18.84,$23.01,$30.71,$47.69,$63.83,"$39,180","$47,860","$63,880","$99,200","$132,770"
National,Specialized Design Services (541400),All Occupations (00-0000),"151,930",0.1,$39.73,"$82,650",1.9,$18.07,$23.84,$32.96,$48.07,$66.31,"$37,590","$49,580","$68,560","$99,990","$137,920"
National,Computer Systems Design and Related Services (541500),All Occupations (00-0000),"2,445,140",0.0,$59.93,"$124,640",0.5,$24.17,$36.28,$52.88,$78.53,$101.52,"$50,280","$75,460","$109,990","$163,340","$211,160"
National,"Management, Scientific, and Technical Consulting Services (541600)",All Occupations (00-0000),"1,872,730",0.0,$50.68,"$105,410",0.6,$19.11,$26.44,$39.74,$63.48,$95.04,"$39,740","$54,990","$82,660","$132,030","$197,690"
National,Scientific Research and Development Services (541700),All Occupations (00-0000),"931,790",0.0,$65.86,"$136,980",0.5,$27.20,$38.21,$59.83,$82.47,$109.31,"$56,580","$79,470","$124,450","$171,540","$227,360"
National,"Research and Development in the Physical, Engineering, and Life Sciences (541710)",All Occupations (00-0000),"868,520",0.0,$67.18,"$139,740",0.5,$28.38,$39.02,$61.18,$83.34,$110.94,"$59,030","$81,170","$127,250","$173,350","$230,760"
National,Research and Development in the Social Sciences and Humanities (541720),All Occupations (00-0000),"63,270",0.1,$47.64,"$99,080",1.3,$20.41,$26.31,$38.95,$60.39,$83.80,"$42,450","$54,720","$81,010","$125,610","$174,290"
National,"Advertising, Public Relations, and Related Services (541800)",All Occupations (00-0000),"481,600",0.0,$44.67,"$92,910",0.9,$17.17,$22.75,$35.49,$54.95,$82.85,"$35,710","$47,330","$73,830","$114,300","$172,330"
National,"Other Professional, Scientific, and Technical Services (541900)",All Occupations (00-0000),"881,820",0.0,$36.47,"$75,850",1.5,$15.84,$18.30,$24.04,$43.91,$74.31,"$32,940","$38,060","$50,000","$91,340","$154,570"
National,Photographic Services (541920),All Occupations (00-0000),"50,990",0.0,$25.89,"$53,860",2.0,$14.42,$16.98,$20.78,$28.32,$42.25,"$29,990","$35,320","$43,230","$58,900","$87,870"
National,Veterinary Services (541940),All Occupations (00-0000),"471,540",0.0,$29.28,"$60,890",0.5,$14.81,$17.65,$21.70,$28.66,$60.20,"$30,810","$36,720","$45,130","$59,610","$125,210"
National,Sector 55 - Management of Companies and Enterprises (55--56),All Occupations (00-0000),"2,828,130",0.0,$55.57,"$115,590",0.4,$22.16,$29.53,$46.45,$66.61,$99.17,"$46,090","$61,420","$96,620","$138,550","$206,270"
National,Management of Companies and Enterprises (551000),All Occupations (00-0000),"2,828,130",0.0,$55.57,"$115,590",0.4,$22.16,$29.53,$46.45,$66.61,$99.17,"$46,090","$61,420","$96,620","$138,550","$206,270"
National,Management of Companies and Enterprises (551100),All Occupations (00-0000),"2,828,130",0.0,$55.57,"$115,590",0.4,$22.16,$29.53,$46.45,$66.61,$99.17,"$46,090","$61,420","$96,620","$138,550","$206,270"
National,Sector 56 - Administrative and Support and Waste Management and Remediation Services (56--57),All Occupations (00-0000),"9,114,350",0.0,$27.08,"$56,320",0.2,$14.88,$17.30,$21.21,$29.05,$46.29,"$30,960","$35,990","$44,110","$60,430","$96,290"
National,Administrative and Support Services (561000),All Occupations (00-0000),"8,599,170",0.0,$26.89,"$55,920",0.2,$14.80,$17.22,$20.88,$28.69,$46.28,"$30,770","$35,820","$43,420","$59,670","$96,260"
National,Office Administrative Services (561100),All Occupations (00-0000),"553,120",0.0,$44.36,"$92,260",1.2,$18.37,$23.09,$33.71,$52.35,$81.12,"$38,200","$48,030","$70,110","$108,890","$168,730"
National,Facilities Support Services (561200),All Occupations (00-0000),"200,420",0.0,$27.95,"$58,130",1.0,$15.21,$17.91,$22.36,$31.97,$46.59,"$31,650","$37,260","$46,510","$66,500","$96,910"
National,Employment Services (561300),All Occupations (00-0000),"3,301,980",0.0,$28.10,"$58,460",0.4,$14.91,$17.02,$20.22,$29.77,$51.26,"$31,010","$35,410","$42,060","$61,920","$106,630"
National,Temporary Help Services (561320),All Occupations (00-0000),"2,593,250",0.0,$26.11,"$54,310",0.4,$14.76,$16.87,$19.05,$27.61,$47.17,"$30,690","$35,090","$39,620","$57,430","$98,100"
National,Business Support Services (561400),All Occupations (00-0000),"652,900",0.0,$26.43,"$54,980",0.7,$14.45,$16.95,$19.98,$27.81,$45.81,"$30,050","$35,260","$41,550","$57,850","$95,290"
National,Travel Arrangement and Reservation Services (561500),All Occupations (00-0000),"190,670",0.0,$35.42,"$73,680",1.5,$17.20,$21.45,$27.80,$39.79,$64.74,"$35,780","$44,620","$57,820","$82,760","$134,660"
National,Investigation and Security Services (561600),All Occupations (00-0000),"1,061,550",0.0,$22.95,"$47,740",0.4,$14.83,$17.24,$19.31,$23.87,$35.42,"$30,840","$35,850","$40,150","$49,660","$73,680"
National,"Investigation, Guard, and Armored Car Services (561610)",All Occupations (00-0000),"900,980",0.0,$21.22,"$44,130",0.5,$14.58,$17.07,$18.26,$22.23,$29.99,"$30,330","$35,510","$37,980","$46,250","$62,380"
National,Security Systems Services (561620),All Occupations (00-0000),"160,570",0.1,$32.71,"$68,040",0.6,$17.87,$22.41,$29.03,$37.62,$49.61,"$37,180","$46,610","$60,380","$78,250","$103,180"
National,Services to Buildings and Dwellings (561700),All Occupations (00-0000),"2,310,020",0.0,$21.96,"$45,680",0.4,$14.35,$17.02,$18.81,$23.26,$30.70,"$29,840","$35,410","$39,130","$48,390","$63,850"
National,Exterminating and Pest Control Services (561710),All Occupations (00-0000),"154,470",0.1,$24.63,"$51,220",0.6,$16.50,$18.07,$22.00,$28.06,$36.03,"$34,320","$37,580","$45,750","$58,370","$74,940"
National,Landscaping Services (561730),All Occupations (00-0000),"953,760",0.0,$24.18,"$50,290",0.5,$16.96,$18.13,$21.91,$26.78,$35.03,"$35,270","$37,710","$45,570","$55,700","$72,860"
National,Other Support Services (561900),All Occupations (00-0000),"328,520",0.0,$27.85,"$57,930",0.6,$15.19,$17.55,$22.17,$30.92,$46.69,"$31,600","$36,500","$46,120","$64,310","$97,120"
National,Waste Management and Remediation Services (562000),All Occupations (00-0000),"515,180",0.0,$30.27,"$62,950",0.3,$17.78,$21.81,$27.01,$34.18,$46.46,"$36,990","$45,370","$56,180","$71,100","$96,630"
National,Waste Collection (562100),All Occupations (00-0000),"222,030",0.0,$27.71,"$57,640",0.4,$17.26,$21.15,$25.02,$30.65,$38.43,"$35,890","$43,990","$52,040","$63,740","$79,940"
National,Waste Treatment and Disposal (562200),All Occupations (00-0000),"106,070",0.0,$33.51,"$69,700",0.8,$19.41,$23.19,$29.15,$38.30,$50.90,"$40,370","$48,220","$60,630","$79,670","$105,860"
National,Remediation and Other Waste Management Services (562900),All Occupations (00-0000),"187,080",0.0,$31.45,"$65,420",0.6,$17.85,$21.55,$26.62,$35.84,$50.11,"$37,120","$44,830","$55,370","$74,550","$104,220"
National,Sector 61 - Educational Services (61--62),All Occupations (00-0000),"13,852,050",0.0,$33.58,"$69,850",0.2,$16.33,$21.45,$29.28,$39.08,$55.03,"$33,960","$44,620","$60,890","$81,290","$114,450"
National,Educational Services (611000),All Occupations (00-0000),"13,852,050",0.0,$33.58,"$69,850",0.2,$16.33,$21.45,$29.28,$39.08,$55.03,"$33,960","$44,620","$60,890","$81,290","$114,450"
National,"Educational Services, State Government Owned (611002)",All Occupations (00-0000),"2,098,490",0.0,$38.78,"$80,660",0.2,$17.32,$23.27,$31.40,$46.92,$64.65,"$36,020","$48,390","$65,310","$97,590","$134,480"
National,"Educational Services, Local Government Owned (611003)",All Occupations (00-0000),"8,408,680",0.0,$31.60,"$65,740",0.2,$15.73,$21.03,$29.02,$38.15,$50.30,"$32,710","$43,750","$60,360","$79,350","$104,630"
National,"Educational Services, Privately Owned (611005)",All Occupations (00-0000),"3,344,880",0.0,$35.29,"$73,400",0.2,$16.50,$21.03,$28.99,$39.80,$60.88,"$34,320","$43,730","$60,290","$82,780","$126,620"
National,Elementary and Secondary Schools (611100),All Occupations (00-0000),"8,919,090",0.0,$30.91,"$64,300",0.2,$15.66,$20.60,$28.73,$37.72,$49.48,"$32,570","$42,840","$59,760","$78,460","$102,920"
National,"Elementary and Secondary Schools, State Government Owned (611102)",All Occupations (00-0000),"67,050",0.0,$33.54,"$69,760",0.4,$17.58,$22.56,$29.03,$40.62,$52.59,"$36,570","$46,920","$60,380","$84,490","$109,380"
National,"Elementary and Secondary Schools, Local Government Owned (611103)",All Occupations (00-0000),"7,841,180",0.0,$31.05,"$64,580",0.2,$15.52,$20.74,$28.90,$37.88,$49.69,"$32,270","$43,140","$60,120","$78,800","$103,360"
National,"Elementary and Secondary Schools, Privately Owned (611105)",All Occupations (00-0000),"1,010,860",0.0,$29.68,"$61,730",0.5,$16.30,$19.44,$26.76,$36.02,$47.44,"$33,900","$40,430","$55,670","$74,930","$98,680"
National,Junior Colleges (611200),All Occupations (00-0000),"656,220",0.0,$36.65,"$76,230",0.2,$16.85,$22.81,$30.94,$44.22,$62.92,"$35,050","$47,430","$64,340","$91,980","$130,870"
National,"Junior Colleges, State Government Owned (611202)",All Occupations (00-0000),"216,770",0.0,$31.52,"$65,570",0.2,$16.50,$22.51,$29.80,$37.96,$48.30,"$34,320","$46,810","$61,980","$78,960","$100,460"
National,"Junior Colleges, Local Government Owned (611203)",All Occupations (00-0000),"419,260",0.0,$39.37,"$81,890",0.2,$16.96,$22.96,$32.36,$48.66,$68.16,"$35,270","$47,760","$67,310","$101,220","$141,770"
National,"Junior Colleges, Privately Owned (611205)",All Occupations (00-0000),"20,180",0.0,$35.13,"$73,060",1.3,$17.68,$23.17,$29.82,$40.08,$58.40,"$36,770","$48,200","$62,020","$83,370","$121,470"
National,"Colleges, Universities, and Professional Schools (611300)",All Occupations (00-0000),"3,216,330",0.0,$41.22,"$85,740",0.2,$17.67,$23.64,$32.53,$48.69,$69.60,"$36,750","$49,170","$67,650","$101,270","$144,770"
National,"Colleges, Universities, and Professional Schools, State Government Owned (611302)",All Occupations (00-0000),"1,801,470",0.0,$39.91,"$83,020",0.1,$17.41,$23.44,$31.73,$48.28,$66.50,"$36,220","$48,760","$65,990","$100,420","$138,320"
National,"Colleges, Universities, and Professional Schools, Local Government Owned (611303)",All Occupations (00-0000),"79,490",0.0,$45.05,"$93,700",0.3,$19.64,$27.29,$38.15,$52.03,$80.29,"$40,840","$56,750","$79,350","$108,230","$167,010"
National,"Colleges, Universities, and Professional Schools, Privately Owned (611305)",All Occupations (00-0000),"1,335,370",0.0,$42.77,"$88,950",0.3,$17.83,$23.91,$35.03,$49.06,$77.16,"$37,080","$49,740","$72,860","$102,030","$160,490"
National,Business Schools and Computer and Management Training (611400),All Occupations (00-0000),"82,160",0.0,$41.73,"$86,800",1.4,$18.37,$24.20,$35.12,$49.35,$74.57,"$38,210","$50,330","$73,040","$102,640","$155,110"
National,"Business Schools and Computer and Management Training, Privately Owned (611405)",All Occupations (00-0000),"77,710",0.1,$42.17,"$87,720",1.5,$18.24,$24.23,$35.56,$49.83,$75.99,"$37,940","$50,400","$73,970","$103,650","$158,070"
National,Technical and Trade Schools (611500),All Occupations (00-0000),"153,950",0.0,$35.02,"$72,850",0.7,$17.86,$22.46,$29.52,$41.33,$59.83,"$37,150","$46,720","$61,400","$85,970","$124,450"
National,"Technical and Trade Schools, State Government Owned (611502)",All Occupations (00-0000),"10,050",0.1,$29.08,"$60,480",1.7,$16.02,$21.58,$28.01,$33.95,$42.05,"$33,320","$44,890","$58,260","$70,610","$87,460"
National,"Technical and Trade Schools, Local Government Owned (611503)",All Occupations (00-0000),"11,210",0.0,$32.45,"$67,490",1.0,$17.41,$23.00,$29.94,$37.20,$48.29,"$36,210","$47,840","$62,270","$77,370","$100,450"
National,"Technical and Trade Schools, Privately Owned (611505)",All Occupations (00-0000),"132,690",0.0,$35.69,"$74,240",0.8,$17.97,$22.47,$29.67,$44.01,$61.25,"$37,370","$46,740","$61,710","$91,550","$127,400"
National,Other Schools and Instruction (611600),All Occupations (00-0000),"558,700",0.0,$25.74,"$53,530",0.7,$14.16,$17.11,$21.93,$29.63,$41.94,"$29,460","$35,590","$45,600","$61,640","$87,230"
National,"Other Schools and Instruction, Local Government Owned (611603)",All Occupations (00-0000),"11,550",0.1,$26.63,"$55,390",1.0,$16.36,$20.37,$23.11,$29.45,$38.85,"$34,030","$42,360","$48,060","$61,260","$80,800"
National,"Other Schools and Instruction, Privately Owned (611605)",All Occupations (00-0000),"546,510",0.0,$25.72,"$53,490",0.7,$14.14,$17.09,$21.86,$29.64,$42.00,"$29,410","$35,550","$45,460","$61,650","$87,350"
National,Educational Support Services (611700),All Occupations (00-0000),"265,600",0.0,$36.20,"$75,300",1.1,$16.90,$21.15,$29.09,$44.80,$63.48,"$35,150","$44,000","$60,510","$93,170","$132,030"
National,"Educational Support Services, Local Government Owned (611703)",All Occupations (00-0000),"43,850",0.0,$33.37,"$69,400",1.0,$16.37,$20.44,$29.34,$41.36,$53.49,"$34,060","$42,500","$61,030","$86,020","$111,260"
National,"Educational Support Services, Privately Owned (611705)",All Occupations (00-0000),"221,570",0.0,$36.77,"$76,490",1.3,$17.01,$21.16,$29.06,$45.47,$65.30,"$35,370","$44,000","$60,450","$94,590","$135,830"
National,Sector 62 - Health Care and Social Assistance (62--63),All Occupations (00-0000),"24,031,380",0.0,$34.51,"$71,770",0.2,$16.01,$18.24,$23.66,$39.62,$61.15,"$33,290","$37,940","$49,200","$82,410","$127,200"
National,Ambulatory Health Care Services (621000),All Occupations (00-0000),"8,947,200",0.0,$39.55,"$82,260",0.4,$16.85,$19.27,$26.92,$44.95,$71.61,"$35,050","$40,080","$55,990","$93,500","$148,950"
National,Offices of Physicians (621100),All Occupations (00-0000),"2,936,460",0.0,$51.28,"$106,660",0.8,$18.00,$21.64,$28.99,$56.94,$113.16,"$37,440","$45,020","$60,300","$118,430","$235,370"
National,Offices of Dentists (621200),All Occupations (00-0000),"1,054,930",0.0,$38.31,"$79,690",0.8,$18.22,$22.35,$28.03,$44.78,$63.46,"$37,900","$46,480","$58,300","$93,140","$131,990"
National,Offices of Other Health Practitioners (621300),All Occupations (00-0000),"1,305,160",0.0,$34.40,"$71,550",0.4,$16.88,$20.19,$28.19,$44.03,$59.49,"$35,100","$41,990","$58,640","$91,580","$123,740"
National,Offices of Chiropractors (621310),All Occupations (00-0000),"147,350",0.0,$27.74,"$57,710",0.9,$15.31,$17.63,$21.69,$31.43,$48.21,"$31,830","$36,670","$45,110","$65,380","$100,280"
National,Offices of Optometrists (621320),All Occupations (00-0000),"155,780",0.1,$29.56,"$61,480",1.0,$16.28,$17.85,$21.78,$28.84,$61.78,"$33,870","$37,130","$45,300","$59,990","$128,500"
National,Offices of Mental Health Practitioners (except Physicians) (621330),All Occupations (00-0000),"289,980",0.0,$36.03,"$74,950",1.0,$18.25,$22.00,$28.64,$43.94,$61.84,"$37,960","$45,770","$59,560","$91,390","$128,620"
National,"Offices of Physical, Occupational and Speech Therapists, and Audiologists (621340)",All Occupations (00-0000),"509,960",0.0,$36.16,"$75,210",0.6,$17.15,$22.00,$35.08,$47.05,$58.23,"$35,660","$45,760","$72,960","$97,870","$121,110"
National,Offices of All Other Health Practitioners (621390),All Occupations (00-0000),"202,090",0.1,$36.19,"$75,260",1.6,$16.65,$19.90,$27.24,$44.86,$63.57,"$34,630","$41,390","$56,660","$93,310","$132,230"
National,Outpatient Care Centers (621400),All Occupations (00-0000),"1,182,730",0.0,$41.98,"$87,320",0.4,$18.60,$22.89,$32.12,$48.31,$78.30,"$38,680","$47,600","$66,810","$100,490","$162,870"
National,Outpatient Mental Health and Substance Abuse Centers (621420),All Occupations (00-0000),"326,260",0.0,$32.33,"$67,240",0.7,$17.54,$21.12,$26.49,$36.39,$50.85,"$36,490","$43,930","$55,090","$75,680","$105,760"
National,Medical and Diagnostic Laboratories (621500),All Occupations (00-0000),"309,310",0.0,$37.60,"$78,200",1.0,$18.31,$21.66,$28.05,$41.30,$62.36,"$38,090","$45,060","$58,350","$85,890","$129,710"
National,Home Health Care Services (621600),All Occupations (00-0000),"1,789,480",0.0,$25.27,"$52,560",0.6,$12.48,$16.04,$19.00,$29.91,$46.52,"$25,960","$33,350","$39,510","$62,220","$96,760"
National,Other Ambulatory Health Care Services (621900),All Occupations (00-0000),"369,130",0.0,$30.98,"$64,440",0.6,$16.98,$18.98,$23.81,$35.68,$49.88,"$35,320","$39,480","$49,530","$74,210","$103,750"
National,Ambulance Services (621910),All Occupations (00-0000),"177,760",0.0,$26.30,"$54,710",0.7,$16.50,$18.50,$22.46,$29.41,$39.87,"$34,320","$38,480","$46,710","$61,170","$82,930"
National,All Other Ambulatory Health Care Services (621990),All Occupations (00-0000),"191,370",0.0,$35.33,"$73,480",1.0,$17.29,$20.29,$27.85,$40.07,$61.82,"$35,960","$42,200","$57,930","$83,340","$128,590"
National,Hospitals (622000),All Occupations (00-0000),"6,712,760",0.0,$42.88,"$89,180",0.1,$18.64,$23.36,$37.74,$50.27,$67.08,"$38,770","$48,600","$78,500","$104,570","$139,520"
National,"Hospitals, State Government Owned (622002)",All Occupations (00-0000),"445,500",0.0,$43.82,"$91,150",0.2,$19.10,$24.26,$37.43,$52.17,$79.87,"$39,720","$50,460","$77,860","$108,520","$166,120"
National,"Hospitals, Local Government Owned (622003)",All Occupations (00-0000),"696,410",0.0,$41.20,"$85,690",0.3,$17.99,$22.66,$33.78,$48.79,$66.31,"$37,420","$47,130","$70,250","$101,480","$137,930"
National,"Hospitals, Privately Owned (622005)",All Occupations (00-0000),"5,570,850",0.0,$43.01,"$89,460",0.1,$18.69,$23.40,$37.97,$50.33,$66.57,"$38,880","$48,670","$78,980","$104,690","$138,460"
National,General Medical and Surgical Hospitals (622100),All Occupations (00-0000),"6,151,560",0.0,$43.09,"$89,620",0.1,$18.67,$23.43,$37.88,$50.35,$67.31,"$38,820","$48,730","$78,790","$104,730","$140,010"
National,"General Medical and Surgical Hospitals, State Government Owned (622102)",All Occupations (00-0000),"294,460",0.0,$45.59,"$94,830",0.2,$19.92,$26.72,$38.97,$55.99,$81.20,"$41,440","$55,570","$81,050","$116,470","$168,890"
National,"General Medical and Surgical Hospitals, Local Government Owned (622103)",All Occupations (00-0000),"692,450",0.0,$41.23,"$85,750",0.3,$17.99,$22.67,$33.81,$48.82,$66.35,"$37,420","$47,140","$70,310","$101,550","$138,010"
National,"General Medical and Surgical Hospitals, Privately Owned (622105)",All Occupations (00-0000),"5,164,650",0.0,$43.19,"$89,840",0.1,$18.72,$23.46,$38.06,$50.39,$66.79,"$38,940","$48,790","$79,150","$104,800","$138,920"
National,Psychiatric and Substance Abuse Hospitals (622200),All Occupations (00-0000),"248,170",0.0,$35.03,"$72,860",0.2,$17.72,$21.38,$28.70,$40.91,$58.16,"$36,860","$44,470","$59,700","$85,100","$120,960"
National,"Psychiatric and Substance Abuse Hospitals, State Government Owned (622202)",All Occupations (00-0000),"111,630",0.0,$36.38,"$75,660",0.2,$18.13,$22.18,$29.06,$42.01,$61.94,"$37,710","$46,130","$60,450","$87,390","$128,840"
National,"Psychiatric and Substance Abuse Hospitals, Privately Owned (622205)",All Occupations (00-0000),"133,310",0.0,$33.96,"$70,640",0.2,$17.37,$20.34,$28.32,$40.19,$52.64,"$36,120","$42,310","$58,900","$83,600","$109,480"
National,Specialty (except Psychiatric and Substance Abuse) Hospitals (622300),All Occupations (00-0000),"313,020",0.0,$44.98,"$93,550",0.2,$19.34,$24.52,$39.35,$52.04,$69.72,"$40,230","$51,000","$81,850","$108,240","$145,020"
National,"Specialty (except Psychiatric and Substance Abuse) Hospitals, State Government Owned (622302)",All Occupations (00-0000),"39,410",0.0,$51.71,"$107,560",0.2,$20.35,$24.55,$40.32,$63.87,$82.60,"$42,340","$51,060","$83,860","$132,860","$171,800"
National,"Specialty (except Psychiatric and Substance Abuse) Hospitals, Privately Owned (622305)",All Occupations (00-0000),"272,890",0.0,$43.99,"$91,500",0.2,$19.22,$24.52,$39.17,$51.33,$67.28,"$39,970","$51,000","$81,470","$106,760","$139,940"
National,Nursing and Residential Care Facilities (623000),All Occupations (00-0000),"3,395,180",0.0,$24.41,"$50,770",0.2,$14.87,$17.37,$20.74,$28.04,$38.95,"$30,930","$36,140","$43,140","$58,330","$81,010"
National,Nursing Care Facilities (Skilled Nursing Facilities) (623100),All Occupations (00-0000),"1,531,750",0.0,$26.34,"$54,790",0.2,$15.00,$17.77,$22.10,$31.84,$44.10,"$31,200","$36,960","$45,960","$66,230","$91,730"
National,"Residential Intellectual and Developmental Disability, Mental Health, and Substance Abuse Facilities (623200)",All Occupations (00-0000),"687,210",0.0,$23.45,"$48,770",0.3,$15.13,$17.46,$19.95,$24.58,$36.00,"$31,460","$36,320","$41,490","$51,130","$74,880"
National,Residential Intellectual and Developmental Disability Facilities (623210),All Occupations (00-0000),"417,800",0.0,$21.19,"$44,070",0.4,$14.78,$17.18,$18.54,$22.20,$29.66,"$30,750","$35,730","$38,550","$46,170","$61,690"
National,Residential Mental Health and Substance Abuse Facilities (623220),All Occupations (00-0000),"269,420",0.0,$26.95,"$56,060",0.4,$16.28,$18.18,$22.46,$30.10,$41.66,"$33,860","$37,810","$46,710","$62,610","$86,650"
National,Continuing Care Retirement Communities and Assisted Living Facilities for the Elderly (623300),All Occupations (00-0000),"1,013,180",0.0,$22.24,"$46,250",0.4,$14.60,$16.89,$18.60,$22.92,$35.17,"$30,370","$35,130","$38,690","$47,670","$73,150"
National,Other Residential Care Facilities (623900),All Occupations (00-0000),"163,040",0.0,$23.83,"$49,570",0.7,$14.81,$17.47,$20.88,$26.13,$36.41,"$30,800","$36,350","$43,420","$54,350","$75,720"
National,Social Assistance (624000),All Occupations (00-0000),"4,976,250",0.0,$21.04,"$43,750",0.3,$13.75,$16.50,$17.97,$22.43,$30.13,"$28,600","$34,320","$37,380","$46,650","$62,660"
National,Individual and Family Services (624100),All Occupations (00-0000),"3,456,820",0.0,$20.87,"$43,400",0.5,$13.86,$16.50,$17.85,$22.08,$29.73,"$28,820","$34,320","$37,120","$45,930","$61,840"
National,Services for the Elderly and Persons with Disabilities (624120),All Occupations (00-0000),"2,690,690",0.0,$18.76,"$39,030",0.6,$13.69,$16.50,$17.13,$19.65,$23.28,"$28,470","$34,320","$35,630","$40,860","$48,420"
National,"Community Food and Housing, and Emergency and Other Relief Services (624200)",All Occupations (00-0000),"231,040",0.0,$27.63,"$57,480",0.6,$16.22,$18.67,$23.20,$30.39,$43.51,"$33,740","$38,830","$48,250","$63,220","$90,500"
National,Vocational Rehabilitation Services (624300),All Occupations (00-0000),"283,400",0.0,$22.17,"$46,100",0.6,$13.35,$16.44,$18.84,$23.70,$33.80,"$27,770","$34,200","$39,180","$49,300","$70,310"
National,Child Care Services (624400),All Occupations (00-0000),"1,004,990",0.0,$19.78,"$41,140",0.6,$13.32,$14.75,$17.59,$21.80,$28.28,"$27,700","$30,690","$36,580","$45,330","$58,830"
National,"Sector 71 - Arts, Entertainment, and Recreation (71--72)",All Occupations (00-0000),"2,765,320",0.0,$25.08,"$52,170",0.4,$12.99,$15.29,$18.58,$27.42,$40.22,"$27,010","$31,790","$38,640","$57,040","$83,650"
National,"Performing Arts, Spectator Sports, and Related Industries (711000)",All Occupations (00-0000),"603,790",0.0,$35.64,"$74,120",1.2,$14.80,$17.71,$24.03,$37.53,$61.56,"$30,780","$36,830","$49,990","$78,060","$128,040"
National,Performing Arts Companies (711100),All Occupations (00-0000),"141,340",0.0,$36.66,"$76,250",1.6,$15.73,$19.17,$27.51,$41.24,$65.11,"$32,720","$39,870","$57,220","$85,770","$135,430"
National,Theater Companies and Dinner Theaters (711110),All Occupations (00-0000),"74,640",0.0,$31.90,"$66,360",2.3,$15.07,$18.24,$24.45,$36.50,$57.92,"$31,340","$37,930","$50,860","$75,910","$120,480"
National,Spectator Sports (711200),All Occupations (00-0000),"170,410",0.0,$38.30,"$79,650",2.8,$13.50,$16.57,$22.45,$37.21,$61.11,"$28,080","$34,470","$46,700","$77,400","$127,100"
National,"Promoters of Performing Arts, Sports, and Similar Events (711300)",All Occupations (00-0000),"194,390",0.0,$28.80,"$59,910",1.3,$14.64,$17.18,$21.64,$30.55,$47.87,"$30,460","$35,740","$45,020","$63,540","$99,580"
National,"Agents and Managers for Artists, Athletes, Entertainers, and Other Public Figures (711400)",All Occupations (00-0000),"30,080",0.1,$55.33,"$115,080",4.1,$20.66,$24.90,$36.45,$60.07,$102.01,"$42,970","$51,790","$75,810","$124,950","$212,190"
National,"Independent Artists, Writers, and Performers (711500)",All Occupations (00-0000),"67,580",0.0,$37.68,"$78,370",5.8,$16.93,$21.72,$28.96,$43.14,$70.40,"$35,210","$45,180","$60,230","$89,720","$146,420"
National,"Museums, Historical Sites, and Similar Institutions (712000)",All Occupations (00-0000),"181,800",0.0,$26.92,"$55,990",0.4,$14.35,$16.90,$21.55,$29.93,$44.34,"$29,860","$35,150","$44,830","$62,250","$92,230"
National,"Museums, Historical Sites, and Similar Institutions (712100)",All Occupations (00-0000),"181,800",0.0,$26.92,"$55,990",0.4,$14.35,$16.90,$21.55,$29.93,$44.34,"$29,860","$35,150","$44,830","$62,250","$92,230"
National,"Amusement, Gambling, and Recreation Industries (713000)",All Occupations (00-0000),"1,979,740",0.0,$21.69,"$45,120",0.3,$12.41,$14.75,$17.74,$23.46,$35.63,"$25,820","$30,680","$36,910","$48,800","$74,110"
National,Amusement Parks and Arcades (713100),All Occupations (00-0000),"244,530",0.0,$20.06,"$41,730",0.3,$13.40,$14.88,$17.57,$21.06,$29.74,"$27,870","$30,940","$36,540","$43,800","$61,860"
National,Gambling Industries (713200),All Occupations (00-0000),"234,880",0.0,$23.88,"$49,670",0.4,$13.12,$16.28,$18.72,$26.79,$38.25,"$27,290","$33,850","$38,940","$55,730","$79,570"
National,Other Amusement and Recreation Industries (713900),All Occupations (00-0000),"1,500,330",0.0,$21.62,"$44,960",0.4,$12.05,$14.49,$17.67,$23.62,$35.68,"$25,070","$30,130","$36,740","$49,140","$74,220"
National,Fitness and Recreational Sports Centers (713940),All Occupations (00-0000),"662,840",0.0,$21.91,"$45,570",0.7,$12.39,$14.59,$17.69,$24.60,$36.69,"$25,760","$30,340","$36,790","$51,160","$76,310"
National,Sector 72 - Accommodation and Food Services (72--73),All Occupations (00-0000),"14,276,590",0.0,$18.78,"$39,060",0.3,$11.16,$13.88,$16.96,$21.03,$28.40,"$23,200","$28,880","$35,270","$43,750","$59,080"
National,Accommodation (721000),All Occupations (00-0000),"2,007,720",0.0,$22.01,"$45,770",0.2,$13.32,$15.18,$18.05,$23.68,$35.53,"$27,710","$31,570","$37,540","$49,260","$73,900"
National,Traveler Accommodation (721100),All Occupations (00-0000),"1,929,500",0.0,$22.02,"$45,800",0.2,$13.34,$15.21,$18.05,$23.69,$35.60,"$27,740","$31,630","$37,540","$49,280","$74,050"
National,Casino Hotels (721120),All Occupations (00-0000),"344,760",0.0,$23.25,"$48,350",0.1,$12.73,$16.40,$19.98,$26.33,$36.31,"$26,480","$34,110","$41,550","$54,760","$75,510"
National,RV (Recreational Vehicle) Parks and Recreational Camps (721200),All Occupations (00-0000),"68,590",0.0,$21.88,"$45,520",0.7,$12.93,$14.97,$17.96,$23.56,$34.56,"$26,890","$31,140","$37,350","$49,000","$71,880"
National,"Rooming and Boarding Houses, Dormitories, and Workers' Camps (721300)",All Occupations (00-0000),"9,620",0.2,$20.10,"$41,800",1.2,$12.58,$14.36,$17.57,$22.94,$30.11,"$26,170","$29,860","$36,550","$47,720","$62,620"
National,Food Services and Drinking Places (722000),All Occupations (00-0000),"12,268,870",0.0,$18.25,"$37,970",0.3,$11.01,$13.75,$16.79,$20.55,$27.33,"$22,900","$28,600","$34,930","$42,750","$56,850"
National,Special Food Services (722300),All Occupations (00-0000),"817,540",0.0,$21.21,"$44,110",0.4,$13.86,$16.21,$18.31,$22.78,$30.79,"$28,830","$33,710","$38,080","$47,370","$64,050"
National,Drinking Places (Alcoholic Beverages) (722400),All Occupations (00-0000),"410,960",0.0,$19.54,"$40,650",0.9,$10.21,$13.74,$16.92,$22.33,$31.43,"$21,240","$28,580","$35,190","$46,440","$65,370"
National,Restaurants and Other Eating Places (722500),All Occupations (00-0000),"11,040,380",0.0,$17.99,"$37,410",0.4,$10.95,$13.68,$16.67,$20.17,$26.53,"$22,780","$28,450","$34,670","$41,960","$55,190"
National,Full-Service Restaurants (722511),All Occupations (00-0000),"5,361,600",0.0,$19.45,"$40,460",0.5,$10.80,$14.13,$17.35,$22.04,$30.00,"$22,460","$29,380","$36,080","$45,850","$62,400"
National,Sector 81 - Other Services (except Public Administration) (81--82),All Occupations (00-0000),"4,484,430",0.0,$27.53,"$57,260",0.2,$14.03,$16.93,$22.07,$31.10,$46.79,"$29,190","$35,220","$45,900","$64,680","$97,310"
National,Repair and Maintenance (811000),All Occupations (00-0000),"1,469,640",0.0,$27.30,"$56,780",0.4,$14.80,$17.83,$23.37,$31.67,$43.47,"$30,790","$37,080","$48,610","$65,880","$90,420"
National,Automotive Repair and Maintenance (811100),All Occupations (00-0000),"1,039,270",0.0,$25.47,"$52,980",0.4,$14.16,$17.21,$22.42,$29.84,$39.17,"$29,440","$35,800","$46,630","$62,070","$81,460"
National,Automotive Mechanical and Electrical Repair and Maintenance (811110),All Occupations (00-0000),"445,340",0.0,$27.70,"$57,620",0.7,$16.04,$18.84,$24.52,$34.00,$42.25,"$33,350","$39,190","$51,000","$70,720","$87,880"
National,"Automotive Body, Paint, Interior, and Glass Repair (811120)",All Occupations (00-0000),"292,170",0.0,$28.79,"$59,890",0.5,$17.03,$20.43,$24.98,$33.77,$45.51,"$35,420","$42,490","$51,960","$70,240","$94,660"
National,Other Automotive Repair and Maintenance (811190),All Occupations (00-0000),"301,760",0.0,$18.96,"$39,430",0.4,$12.96,$14.15,$17.04,$20.79,$28.11,"$26,950","$29,420","$35,450","$43,250","$58,460"
National,Electronic and Precision Equipment Repair and Maintenance (811200),All Occupations (00-0000),"101,470",0.1,$32.20,"$66,980",1.1,$16.98,$19.98,$26.80,$37.40,$53.28,"$35,310","$41,560","$55,750","$77,790","$110,830"
National,Commercial & Industrial Machinery & Equipment (except Automotive & Electronic) Repair & Maintenance (811300),All Occupations (00-0000),"244,630",0.0,$33.43,"$69,520",0.6,$18.45,$22.96,$29.28,$37.88,$50.76,"$38,370","$47,770","$60,900","$78,790","$105,590"
National,Personal and Household Goods Repair and Maintenance (811400),All Occupations (00-0000),"84,260",0.0,$26.12,"$54,320",0.6,$15.25,$18.39,$23.14,$29.64,$39.03,"$31,710","$38,250","$48,140","$61,640","$81,180"
National,Personal and Laundry Services (812000),All Occupations (00-0000),"1,585,390",0.0,$21.67,"$45,080",0.4,$13.50,$15.46,$17.84,$23.47,$34.12,"$28,070","$32,150","$37,120","$48,810","$70,970"
National,Personal Care Services (812100),All Occupations (00-0000),"755,790",0.0,$21.73,"$45,190",0.6,$13.31,$15.49,$17.70,$23.96,$34.93,"$27,680","$32,220","$36,810","$49,840","$72,660"
National,Death Care Services (812200),All Occupations (00-0000),"134,630",0.0,$25.22,"$52,450",0.6,$14.08,$16.92,$21.50,$28.88,$39.31,"$29,290","$35,190","$44,720","$60,070","$81,770"
National,Drycleaning and Laundry Services (812300),All Occupations (00-0000),"258,640",0.0,$20.59,"$42,830",0.5,$13.65,$15.36,$17.68,$22.12,$30.00,"$28,390","$31,940","$36,780","$46,000","$62,400"
National,Other Personal Services (812900),All Occupations (00-0000),"436,330",0.0,$21.12,"$43,940",0.8,$13.48,$15.00,$17.79,$22.44,$31.41,"$28,030","$31,200","$37,000","$46,680","$65,330"
National,"Religious, Grantmaking, Civic, Professional, and Similar Organizations (813000)",All Occupations (00-0000),"1,429,400",0.0,$34.27,"$71,280",0.4,$14.90,$18.27,$26.66,$39.92,$62.32,"$30,990","$38,000","$55,440","$83,030","$129,620"
National,Religious Organizations (813100),All Occupations (00-0000),"204,160",0.0,$29.11,"$60,540",1.1,$15.75,$17.82,$22.78,$32.00,$48.17,"$32,770","$37,060","$47,390","$66,550","$100,200"
National,Grantmaking and Giving Services (813200),All Occupations (00-0000),"164,770",0.0,$45.46,"$94,550",0.9,$19.68,$26.06,$36.53,$52.11,$80.45,"$40,930","$54,210","$75,970","$108,390","$167,330"
National,Social Advocacy Organizations (813300),All Occupations (00-0000),"264,700",0.0,$34.75,"$72,290",0.8,$17.01,$21.37,$28.78,$40.27,$60.42,"$35,380","$44,440","$59,860","$83,760","$125,670"
National,Civic and Social Organizations (813400),All Occupations (00-0000),"358,750",0.0,$22.06,"$45,880",0.7,$11.72,$14.58,$17.89,$24.02,$35.78,"$24,370","$30,330","$37,200","$49,970","$74,410"
National,"Business, Professional, Labor, Political, and Similar Organizations (813900)",All Occupations (00-0000),"437,030",0.0,$42.20,"$87,770",0.6,$17.57,$22.87,$34.51,$50.17,$76.83,"$36,550","$47,570","$71,770","$104,350","$159,800"
National,Labor Unions and Similar Labor Organizations (813930),All Occupations (00-0000),"108,090",0.0,$45.12,"$93,850",0.9,$21.21,$29.26,$39.31,$57.13,$75.59,"$44,120","$60,860","$81,760","$118,830","$157,230"
National,"Sector 99 - Federal, State, and Local Government, excl. State & Local Schools & Hospitals & USPS (99-100)",All Occupations (00-0000),"10,242,890",0.0,$38.60,"$80,290",0.1,$18.48,$23.89,$33.21,$48.07,$64.67,"$38,430","$49,690","$69,080","$99,980","$134,520"
National,"Federal, State, and Local Government, excluding State and Local Schools and Hospitals and USPS (999000)",All Occupations (00-0000),"10,242,890",0.0,$38.60,"$80,290",0.1,$18.48,$23.89,$33.21,$48.07,$64.67,"$38,430","$49,690","$69,080","$99,980","$134,520"
National,"Federal, State, and Local Government, including State and Local Schools and Hospitals and USPS (999001)",All Occupations (00-0000),"22,713,690",0.0,$35.88,"$74,640",0.1,$17.39,$22.73,$30.48,$43.95,$60.76,"$36,170","$47,280","$63,390","$91,420","$126,370"
National,Federal Executive Branch (OEWS Designation) (999100),All Occupations (00-0000),"2,156,590",0.0,$53.40,"$111,080",0.0,$26.65,$34.82,$49.70,$66.35,$85.43,"$55,430","$72,430","$103,380","$138,010","$177,690"
National,"Federal Government, including the U.S. Postal Service (OEWS Designation) (999101)",All Occupations (00-0000),"2,775,480",0.0,$48.54,"$100,970",0.0,$24.55,$30.92,$42.15,$61.12,$80.10,"$51,060","$64,310","$87,670","$127,130","$166,610"
National,"State Government, excluding Schools and Hospitals (OEWS Designation) (999200)",All Occupations (00-0000),"2,250,900",0.0,$36.43,"$75,780",0.0,$20.13,$24.59,$32.36,$44.19,$57.53,"$41,870","$51,140","$67,320","$91,910","$119,660"
National,"State Government, including Schools and Hospitals (OEWS Designation) (999201)",All Occupations (00-0000),"4,795,000",0.0,$38.15,"$79,340",0.1,$18.69,$23.97,$32.09,$46.05,$62.90,"$38,880","$49,850","$66,750","$95,770","$130,840"
National,"Local Government, excluding Schools and Hospitals (OEWS Designation) (999300)",All Occupations (00-0000),"5,835,400",0.0,$33.97,"$70,650",0.1,$17.25,$22.25,$29.69,$40.63,$55.96,"$35,880","$46,280","$61,750","$84,500","$116,400"
National,"Local Government, including Schools and Hospitals (OEWS Designation) (999301)",All Occupations (00-0000),"15,143,210",0.0,$32.85,"$68,320",0.1,$16.57,$21.61,$29.24,$39.04,$52.23,"$34,460","$44,940","$60,830","$81,200","$108,630"
,,,,,,,,,,,,,,,,,
Footnotes:,,,,,,,,,,,,,,,,,
(1) Estimates for detailed occupations do not sum to the totals because the totals include occupations not shown separately. Estimates do not include self-employed workers.,,,,,,,,,,,,,,,,,
"(2) Annual wages have been calculated by multiplying the hourly wages by 2,080 hours; for occupations where hourly wages are not published, annual wages were taken directly from the reported survey data.",,,,,,,,,,,,,,,,,
"(3) The relative standard error (RSE) is a measure of the reliability of a survey statistic. The smaller the relative standard error, the more precise the estimate.",,,,,,,,,,,,,,,,,
,,,,,,,,,,,,,,,,,
SOC code: Standard Occupational Classification code -- see http://www.bls.gov/soc/home.htm,,,,,,,,,,,,,,,,,
,,,,,,,,,,,,,,,,,
"Data extracted on September 16, 2026",,,,,,,,,,,,,,,,,
